shale_play,production_month,oil_and_gas_group,total_production,prev_month_production,mom_growth_pct,yoy_growth_pct,production_rank
Bakken,2014-01-01,G,49539.33384650001,,,,1
Three Forks,2014-01-01,G,30952.666513500004,,,,2
Bakken,2014-01-01,O,386357.0,,,,1
Three Forks,2014-01-01,O,190159.0,,,,2
Bakken,2014-02-01,G,81036.83278734001,49539.33384650001,63.58078822463883,,1
Three Forks,2014-02-01,G,42282.33363699,30952.666513500004,36.60320224284574,,2
Bakken,2014-02-01,O,542982.0,386357.0,40.53893160988412,,1
Three Forks,2014-02-01,O,363020.0,190159.0,90.90340188999731,,2
Bakken,2014-03-01,G,148300.49920491,81036.83278734001,83.00381950277587,,1
Three Forks,2014-03-01,G,82890.33379178,42282.33363699,96.04011099156732,,2
Bakken,2014-03-01,O,1101223.0,542982.0,102.81022206997655,,1
Three Forks,2014-03-01,O,757865.0,363020.0,108.76673461517272,,2
Bakken,2014-04-01,G,186704.00006823,148300.49920491,25.8957326976068,,1
Three Forks,2014-04-01,G,107213.8331073,82890.33379178,29.34419274582786,,2
Silurian,2014-04-01,G,2.8333333,,,,3
Bakken,2014-04-01,O,1434865.0,1101223.0,30.29740570256887,,1
Three Forks,2014-04-01,O,952055.0,757865.0,25.62329702519578,,2
Silurian,2014-04-01,O,129.0,,,,3
Bakken,2014-05-01,G,268801.5006509,186704.00006823,43.97200946560754,,1
Three Forks,2014-05-01,G,141009.33353297002,107213.8331073,31.52158583104417,,2
Silurian,2014-05-01,G,52.5,2.8333333,1752.9411982698964,,3
Bakken,2014-05-01,O,2316261.0,1434865.0,61.42710289818206,,1
Three Forks,2014-05-01,O,1271947.0,952055.0,33.6001596546418,,2
Silurian,2014-05-01,O,739.0,129.0,472.8682170542636,,3
Bakken,2014-06-01,G,313917.9994093,268801.5006509,16.784318037343855,,1
Three Forks,2014-06-01,G,196994.33358556006,141009.33353297002,39.70304564236518,,2
Silurian,2014-06-01,G,26.666666,52.5,-49.20635047619048,,3
Bakken,2014-06-01,O,2698767.0,2316261.0,16.5139420816566,,1
Three Forks,2014-06-01,O,1537916.0,1271947.0,20.91038384460988,,2
Silurian,2014-06-01,O,506.0,739.0,-31.52909336941813,,3
Bakken,2014-07-01,G,409222.16598578,313917.9994093,30.35957375996726,,1
Three Forks,2014-07-01,G,215711.83318519,196994.33358556006,9.501542130144774,,2
Silurian,2014-07-01,G,5.8333335,26.666666,-78.12499882812496,,3
Bakken,2014-07-01,O,3227275.0,2698767.0,19.583313416830723,,1
Three Forks,2014-07-01,O,1877442.0,1537916.0,22.077018510763917,,2
Silurian,2014-07-01,O,425.0,506.0,-16.007905138339922,,3
Bakken,2014-08-01,G,456696.66578877997,409222.16598578,11.601155496706314,,1
Three Forks,2014-08-01,G,243785.16715307994,215711.83318519,13.014276293219767,,2
Bakken,2014-08-01,O,3447041.0,3227275.0,6.809645908700064,,1
Three Forks,2014-08-01,O,2065955.0,1877442.0,10.040949334253735,,2
Bakken,2014-09-01,G,450869.00156277,456696.66578877997,-1.27604702695711,,1
Three Forks,2014-09-01,G,235383.33374901002,243785.16715307994,-3.4464087795768767,,2
Bakken,2014-09-01,O,3764659.0,3447041.0,9.214221704934754,,1
Three Forks,2014-09-01,O,2255169.0,2065955.0,9.158669961349593,,2
Bakken,2014-10-01,G,501301.5006295899,450869.00156277,11.185621298429115,,1
Three Forks,2014-10-01,G,344490.99957640003,235383.33374901002,46.35318231312496,,2
Bakken,2014-10-01,O,4343824.0,3764659.0,15.384261894636406,,1
Three Forks,2014-10-01,O,2839036.0,2255169.0,25.89016610285083,,2
Bakken,2014-11-01,G,463412.66819682,501301.5006295899,-7.558092761578589,,1
Three Forks,2014-11-01,G,290058.4994465501,344490.99957640003,-15.800848265058399,,2
Bakken,2014-11-01,O,4237594.0,4343824.0,-2.4455410716456285,,1
Three Forks,2014-11-01,O,2890437.0,2839036.0,1.8105089192246946,,2
Bakken,2014-12-01,G,553997.4992182496,463412.66819682,19.54733593578769,,1
Three Forks,2014-12-01,G,374516.83357998,290058.4994465501,29.11768980898051,,2
Bakken,2014-12-01,O,4862634.0,4237594.0,14.74987929471299,,1
Three Forks,2014-12-01,O,3254774.0,2890437.0,12.604910606942827,,2
Bakken,2015-01-01,G,519625.0011429098,553997.4992182496,-6.2044500424357665,948.9139857087957,1
Three Forks,2015-01-01,G,335881.49985341984,374516.83357998,-10.316047307472868,985.1456035522018,2
Bakken,2015-01-01,O,4671020.0,4862634.0,-3.9405392221581965,1108.9906485452573,1
Three Forks,2015-01-01,O,2974206.0,3254774.0,-8.62019912903323,1464.062705420201,2
Bakken,2015-02-01,G,463295.3342262601,519625.0011429098,-10.84044585860057,471.7095773499164,1
Three Forks,2015-02-01,G,275702.5001216399,335881.49985341984,-17.916735443316256,552.0512857418214,2
Bakken,2015-02-01,O,4074144.0,4671020.0,-12.778279690517275,650.3276351702266,1
Three Forks,2015-02-01,O,2443088.0,2974206.0,-17.85747187652772,572.9899179108589,2
Bakken,2015-03-01,G,477306.66649573017,463295.3342262601,3.024276575733301,221.85101807123738,1
Three Forks,2015-03-01,G,371400.83304953977,275702.5001216399,34.71072365527253,348.0628995685991,2
Bakken,2015-03-01,O,4876137.0,4074144.0,19.684944862037277,342.79287664714593,1
Three Forks,2015-03-01,O,2976166.0,2443088.0,21.819844393652623,292.70397762134417,2
Bakken,2015-04-01,G,538582.8320198699,477306.66649573017,12.83790272070041,188.46882328340456,1
Three Forks,2015-04-01,G,332156.3336526001,371400.83304953977,-10.566615878243054,209.80734857243363,2
Middle Bakken / Three Forks Shale,2015-04-01,G,4760.33339,,,,3
Bakken,2015-04-01,O,4825184.0,4876137.0,-1.0449460300233566,236.28139232610735,1
Three Forks,2015-04-01,O,2938180.0,2976166.0,-1.2763400966209546,208.61452332060648,2
Middle Bakken / Three Forks Shale,2015-04-01,O,19449.0,,,,3
Bakken,2015-05-01,G,633723.66626765,538582.8320198699,17.665032858728406,135.75897632010788,1
Three Forks,2015-05-01,G,423850.49918466,332156.3336526001,27.605725449740216,200.5832937190343,2
Middle Bakken / Three Forks Shale,2015-05-01,G,4844.333333,4760.33339,1.7645810937624227,,3
Bakken,2015-05-01,O,5239102.0,4825184.0,8.57828426853774,126.18789506018535,1
Three Forks,2015-05-01,O,3159098.0,2938180.0,7.518872227024893,148.36710963585747,2
Middle Bakken / Three Forks Shale,2015-05-01,O,29170.0,19449.0,49.982004216155076,,3
Bakken,2015-06-01,G,617420.33046556,633723.66626765,-2.572625368105532,96.68204168839021,1
Three Forks,2015-06-01,G,313901.3342527798,423850.49918466,-25.940553365723034,59.34536214283737,2
Middle Bakken / Three Forks Shale,2015-06-01,G,5077.5,4844.333333,4.813183795831096,,3
Bakken,2015-06-01,O,5162127.0,5239102.0,-1.469240339279518,91.27723882795365,1
Three Forks,2015-06-01,O,3262417.0,3159098.0,3.2705221553747306,112.1323271231979,2
Middle Bakken / Three Forks Shale,2015-06-01,O,36541.0,29170.0,25.269112101474118,,3
Bakken,2015-07-01,G,589026.3323933599,617420.33046556,-4.5988116476161185,43.93803204048039,1
Three Forks,2015-07-01,G,401262.5017230601,313901.3342527798,27.830772901375994,86.01784417574055,2
Middle Bakken / Three Forks Shale,2015-07-01,G,1927.8332599999999,5077.5,-62.031841260462826,,3
Bakken,2015-07-01,O,5475055.0,5162127.0,6.061997312348185,69.64947207783656,1
Three Forks,2015-07-01,O,3476253.0,3262417.0,6.554526904439255,85.15900890679978,2
Middle Bakken / Three Forks Shale,2015-07-01,O,7850.0,36541.0,-78.51728195725349,,3
Bakken,2015-08-01,G,609732.0011580101,589026.3323933599,3.5152365227065454,33.509186038158695,1
Three Forks,2015-08-01,G,369643.8333458397,401262.5017230601,-7.879796452807519,51.62687609854842,2
Middle Bakken / Three Forks Shale,2015-08-01,G,19.166666,1927.8332599999999,-99.0057923370406,,3
Bakken,2015-08-01,O,5230544.0,5475055.0,-4.465909474881988,51.740115652816435,1
Three Forks,2015-08-01,O,3282120.0,3476253.0,-5.584547499851133,58.866964672512225,2
Middle Bakken / Three Forks Shale,2015-08-01,O,7519.0,7850.0,-4.2165605095541405,,3
Bakken,2015-09-01,G,588573.1680907401,609732.0011580101,-3.4701857581830864,30.541945897959216,1
Three Forks,2015-09-01,G,356078.0009704601,369643.8333458397,-3.6699739456189833,51.27579140762243,2
Middle Bakken / Three Forks Shale,2015-09-01,G,1496.6666,19.166666,7708.695575954628,,3
Bakken,2015-09-01,O,4850628.0,5230544.0,-7.263412754007996,28.846410790459377,1
Three Forks,2015-09-01,O,2924441.0,3282120.0,-10.897803858481712,29.677243701026395,2
Middle Bakken / Three Forks Shale,2015-09-01,O,6995.0,7519.0,-6.9690118366804095,,3
Bakken,2015-10-01,G,631184.6676597301,588573.1680907401,7.239796490760273,25.90919174728552,1
Three Forks,2015-10-01,G,419865.1659275699,356078.0009704601,17.913817978999916,21.879865205144103,2
Middle Bakken / Three Forks Shale,2015-10-01,G,328.0,1496.6666,-78.08463154051812,,3
Bakken,2015-10-01,O,5002886.0,4850628.0,3.1389337628034966,15.172391883280723,1
Three Forks,2015-10-01,O,3318193.0,2924441.0,13.46417999200531,16.877454178108344,2
Middle Bakken / Three Forks Shale,2015-10-01,O,1365.0,6995.0,-80.48606147248034,,3
Bakken,2015-11-01,G,629714.5000817302,631184.6676597301,-0.23292194080868264,35.886337016207484,1
Three Forks,2015-11-01,G,414757.1684320099,419865.1659275699,-1.2165804429799265,42.990868815564,2
Bakken,2015-11-01,O,4920952.0,5002886.0,-1.6377346995314304,16.126084754698066,1
Three Forks,2015-11-01,O,3494127.0,3318193.0,5.302102680585487,20.885769176079602,2
Bakken,2015-12-01,G,646397.5002423999,629714.5000817302,2.6492958568532883,16.678775834644867,1
Three Forks,2015-12-01,G,465812.66539516026,414757.1684320099,12.309732260003072,24.376963497872666,2
Bakken,2015-12-01,O,4961903.0,4920952.0,0.8321763756281304,2.041465592516319,1
Three Forks,2015-12-01,O,3655069.0,3494127.0,4.606071845699942,12.298703381555832,2
Bakken,2016-01-01,G,657178.6666716798,646397.5002423999,1.667884919919555,26.471718109448574,1
Three Forks,2016-01-01,G,426505.83425303985,465812.66539516026,-8.43833456283879,26.98104374285838,2
Bakken,2016-01-01,O,4971615.0,4961903.0,0.19573135549002066,6.435318196025708,1
Three Forks,2016-01-01,O,3603385.0,3655069.0,-1.4140362329685159,21.154519895393932,2
Bakken,2016-02-01,G,602109.1666284099,657178.6666716798,-8.379684678775815,29.96227722301151,1
Three Forks,2016-02-01,G,434617.66585299006,426505.83425303985,1.9019274646399267,57.64008874102947,2
Bakken,2016-02-01,O,4836678.0,4971615.0,-2.7141482194417708,18.71642239449563,1
Three Forks,2016-02-01,O,3297054.0,3603385.0,-8.501200954102877,34.95436922452241,2
Bakken,2016-03-01,G,702807.6669365701,602109.1666284099,16.72429285075243,47.24446907402605,1
Three Forks,2016-03-01,G,462123.49972469005,434617.66585299006,6.32874271636346,24.42715756188116,2
Bakken,2016-03-01,O,5485512.0,4836678.0,13.414868635042481,12.497085295183462,1
Three Forks,2016-03-01,O,3742332.0,3297054.0,13.50532930306874,25.743389313633713,2
Bakken,2016-04-01,G,655311.3338601502,702807.6669365701,-6.758084083437659,21.67326823294913,1
Three Forks,2016-04-01,G,455339.8313244798,462123.49972469005,-1.4679340921315707,37.08599993180211,2
Bakken,2016-04-01,O,4928291.0,5485512.0,-10.158049057225652,2.1368511542772253,1
Three Forks,2016-04-01,O,3143795.0,3742332.0,-15.993690565134253,6.998039602747279,2
Bakken,2016-05-01,G,769502.1693918101,655311.3338601502,17.425432711351416,21.425506155361845,1
Three Forks,2016-05-01,G,487538.83363386017,455339.8313244798,7.071422286014564,15.026131754407334,2
Middle Bakken / Three Forks Shale,2016-05-01,G,896.33331,328.0,173.2723506097561,,3
Bakken,2016-05-01,O,5307602.0,4928291.0,7.696603142955641,1.3074759758447154,1
Three Forks,2016-05-01,O,3308136.0,3143795.0,5.227471893046461,4.717739050830332,2
Middle Bakken / Three Forks Shale,2016-05-01,O,4227.0,1365.0,209.6703296703297,,3
Bakken,2016-06-01,G,686796.8324936698,769502.1693918101,-10.74790171982334,11.236510786063224,1
Three Forks,2016-06-01,G,463610.8323066099,487538.83363386017,-4.907917006098454,47.693170342905084,2
Middle Bakken / Three Forks Shale,2016-06-01,G,771.5,896.33331,-13.927108209333422,,3
Bakken,2016-06-01,O,4887465.0,5307602.0,-7.915759320310754,-5.320713729050061,1
Three Forks,2016-06-01,O,3098542.0,3308136.0,-6.335712921113279,-5.023116296905025,2
Middle Bakken / Three Forks Shale,2016-06-01,O,3123.0,4227.0,-26.117814052519517,,3
Bakken,2016-07-01,G,772712.33456193,686796.8324936698,12.509594978228456,31.18468429453883,1
Three Forks,2016-07-01,G,526574.16552826,463610.8323066099,13.581074650130098,31.229348186561047,2
Middle Bakken / Three Forks Shale,2016-07-01,G,0.99999998,771.5,-99.87038237459494,,3
Bakken,2016-07-01,O,4861898.0,4887465.0,-0.5231137205074615,-11.199102109476526,1
Three Forks,2016-07-01,O,3323977.0,3098542.0,7.2755186148840325,-4.380463677413584,2
Middle Bakken / Three Forks Shale,2016-07-01,O,3.0,3123.0,-99.90393852065321,,3
Bakken,2016-08-01,G,743903.8308405599,772712.33456193,-3.7282313783307717,22.005049665710363,1
Three Forks,2016-08-01,G,484321.99980227026,526574.16552826,-8.023972403507937,31.023963099402607,2
Middle Bakken / Three Forks Shale,2016-08-01,G,0.83333331,0.99999998,-16.666667333333347,,3
Bakken,2016-08-01,O,4466031.0,4861898.0,-8.142231696345748,-14.616319067385724,1
Three Forks,2016-08-01,O,3070282.0,3323977.0,-7.632273027159934,-6.454303925511559,2
Middle Bakken / Three Forks Shale,2016-08-01,O,36.0,3.0,1100.0,,3
Bakken,2016-09-01,G,676116.6672229696,743903.8308405599,-9.112355765260077,14.873851524052645,1
Three Forks,2016-09-01,G,464425.83514927997,484321.99980227026,-4.1080447844849335,30.428117963908775,2
Middle Bakken / Three Forks Shale,2016-09-01,G,0.83333331,0.83333331,0.0,,3
Bakken,2016-09-01,O,4125964.0,4466031.0,-7.614523947549849,-14.93959132714362,1
Three Forks,2016-09-01,O,2988360.0,3070282.0,-2.6682239611866274,2.1856826655076986,2
Middle Bakken / Three Forks Shale,2016-09-01,O,126.0,36.0,250.0,,3
Bakken,2016-10-01,G,764310.167056649,676116.6672229696,13.044124499388355,21.091370912179148,1
Three Forks,2016-10-01,G,601600.3333772199,464425.83514927997,29.536362503142833,43.2841736342092,2
Middle Bakken / Three Forks Shale,2016-10-01,G,1145.8334,0.83333331,137400.01185000033,-75.92955563979942,3
Bakken,2016-10-01,O,5021821.0,4125964.0,21.712671269065847,0.37848154045484944,1
Three Forks,2016-10-01,O,3783897.0,2988360.0,26.62119021804602,14.03486777291134,2
Middle Bakken / Three Forks Shale,2016-10-01,O,10945.0,126.0,8586.507936507936,-43.72461309064734,3
Bakken,2016-11-01,G,799111.166796821,764310.167056649,4.553256157011541,26.90055043882664,1
Three Forks,2016-11-01,G,529784.8345976302,601600.3333772199,-11.937410070309815,27.733737936461132,2
Middle Bakken / Three Forks Shale,2016-11-01,G,1888.333266,1145.8334,64.79998453527364,-61.019749546619394,3
Bakken,2016-11-01,O,4980068.0,5021821.0,-0.8314314667926237,1.201312266406988,1
Three Forks,2016-11-01,O,3792824.0,3783897.0,0.2359207980555496,8.548544457599853,2
Middle Bakken / Three Forks Shale,2016-11-01,O,15982.0,10945.0,46.02101416171768,-45.2108330476517,3
Bakken,2016-12-01,G,618168.83434699,799111.166796821,-22.642948812131515,-4.367075349892922,1
Three Forks,2016-12-01,G,516423.5004918204,529784.8345976302,-2.522030309900752,10.865062042425516,2
Middle Bakken / Three Forks Shale,2016-12-01,G,1169.166666,1888.333266,-38.08472863073525,-76.97357624815362,3
Bakken,2016-12-01,O,4749611.0,4980068.0,-4.62758741446904,-4.2784391391770455,1
Three Forks,2016-12-01,O,3523303.0,3792824.0,-7.106077160448257,-3.6050208628072413,2
Middle Bakken / Three Forks Shale,2016-12-01,O,9945.0,15982.0,-37.773745463646605,-72.78399605922115,3
Bakken,2017-01-01,G,683380.4975190498,618168.83434699,10.54916708004973,3.9870178653349617,1
Three Forks,2017-01-01,G,459594.66617576,516423.5004918204,-11.004308336460092,7.758119412521094,2
Middle Bakken / Three Forks Shale,2017-01-01,G,1663.166733,1169.166666,42.25232221938835,-13.728704265637573,3
Duperow,2017-01-01,G,49.166668,,,,4
Bakken,2017-01-01,O,4928771.0,4749611.0,3.772098388689095,-0.8617722812406029,1
Three Forks,2017-01-01,O,3670842.0,3523303.0,4.187519495200951,1.8720453129487966,2
Middle Bakken / Three Forks Shale,2017-01-01,O,13018.0,9945.0,30.899949723479136,65.8343949044586,3
Duperow,2017-01-01,O,369.0,,,,4
Bakken,2017-02-01,G,693125.6701853003,683380.4975190498,1.4260244039198442,15.116279339600391,1
Three Forks,2017-02-01,G,495047.16645483,459594.66617576,7.713862428836829,13.90405990130191,2
Middle Bakken / Three Forks Shale,2017-02-01,G,3042.500034,1663.166733,82.93415648784506,15773.913773005697,3
Duperow,2017-02-01,G,218.66667,49.166668,344.7457574306235,,4
Bakken,2017-02-01,O,4788374.0,4928771.0,-2.848519438212893,-0.998702001663125,1
Three Forks,2017-02-01,O,3654297.0,3670842.0,-0.4507140323664162,10.835218349471983,2
Middle Bakken / Three Forks Shale,2017-02-01,O,24413.0,13018.0,87.53264710400983,224.6841335283947,3
Duperow,2017-02-01,O,1641.0,369.0,344.7154471544716,,4
Bakken,2017-03-01,G,845743.1657749297,693125.6701853003,22.01873370940491,20.337783089560382,1
Three Forks,2017-03-01,G,586488.3340467999,495047.16645483,18.471203107131288,26.9116014217412,2
Duperow,2017-03-01,G,950.0,218.66667,334.4512128894632,,3
Middle Bakken / Three Forks Shale,2017-03-01,G,50.0,3042.500034,-98.35661464449468,-96.65924261288386,4
Bakken,2017-03-01,O,5350573.0,4788374.0,11.740916645191039,-2.4599162302443234,1
Three Forks,2017-03-01,O,4088723.0,3654297.0,11.888086819434763,9.2560200431175,2
Middle Bakken / Three Forks Shale,2017-03-01,O,14856.0,24413.0,-39.14717568508582,112.38027162258757,3
Duperow,2017-03-01,O,1911.0,1641.0,16.453382084095065,,4
Bakken,2017-04-01,G,901701.1618654099,845743.1657749297,6.616429000547415,37.59889616953302,1
Three Forks,2017-04-01,G,663743.8343830103,586488.3340467999,13.17255533509821,45.76889363101198,2
Duperow,2017-04-01,G,750.0,950.0,-21.052631578947366,,3
Middle Bakken / Three Forks Shale,2017-04-01,G,640.5,50.0,1181.0,95.27439024390245,4
Bakken,2017-04-01,O,5403476.0,5350573.0,0.9887352251805555,9.641983397490124,1
Three Forks,2017-04-01,O,3968903.0,4088723.0,-2.9304993270515025,26.245604436676057,2
Middle Bakken / Three Forks Shale,2017-04-01,O,2719.0,14856.0,-81.69763058696823,99.1941391941392,3
Duperow,2017-04-01,O,2015.0,1911.0,5.442176870748299,,4
Bakken,2017-05-01,G,914846.6697738001,901701.1618654099,1.4578563790685528,18.88812093887476,1
Three Forks,2017-05-01,G,618141.3322502199,663743.8343830103,-6.870497286830643,26.78812221847372,2
Duperow,2017-05-01,G,1000.0,750.0,33.33333333333333,,3
Middle Bakken / Three Forks Shale,2017-05-01,G,440.833332,640.5,-31.173562529274008,-50.81814687886585,4
Bakken,2017-05-01,O,5207347.0,5403476.0,-3.6296820787211788,-1.8888944574216378,1
Three Forks,2017-05-01,O,3942496.0,3968903.0,-0.6653475784114653,19.175753354759294,2
Middle Bakken / Three Forks Shale,2017-05-01,O,3967.0,2719.0,45.89922765722692,-6.150934468890466,3
Duperow,2017-05-01,O,2313.0,2015.0,14.789081885856078,,4
Bakken,2017-06-01,G,804316.1658083205,914846.6697738001,-12.081861104966226,17.111222381144845,1
Three Forks,2017-06-01,G,603031.1683633102,618141.3322502199,-2.4444513088785365,30.07270890609699,2
Duperow,2017-06-01,G,1169.1666,1000.0,16.916660000000004,,3
Middle Bakken / Three Forks Shale,2017-06-01,G,672.50003,440.833332,52.55199214382456,-12.832141283214513,4
Bakken,2017-06-01,O,5072524.0,5207347.0,-2.589091911869902,3.786400516423136,1
Three Forks,2017-06-01,O,3705470.0,3942496.0,-6.012079657151205,19.587535040673966,2
Middle Bakken / Three Forks Shale,2017-06-01,O,7688.0,3967.0,93.79884043357701,146.17355107268654,3
Duperow,2017-06-01,O,1306.0,2313.0,-43.53653264159101,,4
Bakken,2017-07-01,G,815130.3345627699,804316.1658083205,1.344517145640277,5.489494356899019,1
Three Forks,2017-07-01,G,710124.00180186,603031.1683633102,17.759087598939715,34.85735690991648,2
Middle Bakken / Three Forks Shale,2017-07-01,G,1499.8334,672.50003,123.02354395434003,149883.34299966687,3
Duperow,2017-07-01,G,372.0,1169.1666,-68.18246432971999,,4
Bakken,2017-07-01,O,5583996.0,5072524.0,10.083185412232648,14.85218324201783,1
Three Forks,2017-07-01,O,4050376.0,3705470.0,9.308023003829474,21.853310055996175,2
Middle Bakken / Three Forks Shale,2017-07-01,O,6629.0,7688.0,-13.77471383975026,220866.66666666666,3
Duperow,2017-07-01,O,2411.0,1306.0,84.6094946401225,,4
Bakken,2017-08-01,G,913899.5013397601,815130.3345627699,12.1169784252931,22.851834262920367,1
Three Forks,2017-08-01,G,608531.1659695399,710124.00180186,-14.306351506855103,25.64598887062314,2
Duperow,2017-08-01,G,631.0,372.0,69.6236559139785,,3
Middle Bakken / Three Forks Shale,2017-08-01,G,168.833336,1499.8334,-88.74319401074813,20160.000887280024,4
Bakken,2017-08-01,O,6035160.0,5583996.0,8.079590314892776,35.13475387877961,1
Three Forks,2017-08-01,O,4238946.0,4050376.0,4.655617157518216,38.0637348621397,2
Middle Bakken / Three Forks Shale,2017-08-01,O,7452.0,6629.0,12.415145572484537,20600.0,3
Duperow,2017-08-01,O,2220.0,2411.0,-7.922024056408129,,4
Bakken,2017-09-01,G,850316.1682038398,913899.5013397601,-6.95736599513495,25.764710356330077,1
Three Forks,2017-09-01,G,639305.1642980799,608531.1659695399,5.057094862102823,37.65495282849384,2
Duperow,2017-09-01,G,705.0,631.0,11.727416798732172,,3
Middle Bakken / Three Forks Shale,2017-09-01,G,301.83333,168.833336,78.77590833127883,36120.00061416002,4
Bakken,2017-09-01,O,5770513.0,6035160.0,-4.385086725124106,39.85853972550415,1
Three Forks,2017-09-01,O,4234296.0,4238946.0,-0.10969708035912702,41.69296871862828,2
Middle Bakken / Three Forks Shale,2017-09-01,O,14689.0,7452.0,97.11486849168008,11557.936507936507,3
Duperow,2017-09-01,O,1903.0,2220.0,-14.279279279279281,,4
Bakken,2017-10-01,G,924025.4982628399,850316.1682038398,8.668461545862348,20.896664481286837,1
Three Forks,2017-10-01,G,677148.0000463901,639305.1642980799,5.919369631537303,12.557783378387825,2
Duperow,2017-10-01,G,520.66669,705.0,-26.146568794326242,,3
Middle Bakken / Three Forks Shale,2017-10-01,G,517.6666700000001,301.83333,71.50745744348383,-54.82182051945771,4
Bakken,2017-10-01,O,6694539.0,5770513.0,16.012891748099346,33.308992893215425,1
Three Forks,2017-10-01,O,4738816.0,4234296.0,11.915085766323374,25.23638989116247,2
Middle Bakken / Three Forks Shale,2017-10-01,O,16274.0,14689.0,10.790387364694668,48.68889904065784,3
Duperow,2017-10-01,O,2083.0,1903.0,9.458749343142408,,4
Bakken,2017-11-01,G,1087942.1657118704,924025.4982628399,17.739409546294176,36.1440323844813,1
Three Forks,2017-11-01,G,629748.0015701706,677148.0000463901,-6.999946610338094,18.86863504661513,2
Middle Bakken / Three Forks Shale,2017-11-01,G,1297.8333400000001,517.6666700000001,150.70830617702313,-31.270959243907104,3
Duperow,2017-11-01,G,338.33334,520.66669,-35.01920777762833,,4
Bakken,2017-11-01,O,6777865.0,6694539.0,1.2446861538934944,36.099848435804496,1
Three Forks,2017-11-01,O,4600180.0,4738816.0,-2.925540894603209,21.28640822774798,2
Middle Bakken / Three Forks Shale,2017-11-01,O,14995.0,16274.0,-7.859161853262873,-6.1756976598673505,3
Duperow,2017-11-01,O,2029.0,2083.0,-2.5924147863658185,,4
Bakken,2017-12-01,G,1060465.9966607005,1087942.1657118704,-2.5255174325550174,71.54957314872343,1
Three Forks,2017-12-01,G,721016.49987517,629748.0015701706,14.49286033102712,39.617290690393375,2
Middle Bakken / Three Forks Shale,2017-12-01,G,1352.3334,1297.8333400000001,4.1993111380541235,15.666434848562464,3
Duperow,2017-12-01,G,399.5,338.33334,18.078815407313975,,4
Bakken,2017-12-01,O,7055616.0,6777865.0,4.097912838334786,48.55144979241458,1
Three Forks,2017-12-01,O,4708310.0,4600180.0,2.350560195470612,33.633411602692135,2
Middle Bakken / Three Forks Shale,2017-12-01,O,15295.0,14995.0,2.0006668889629875,53.79587732528909,3
Duperow,2017-12-01,O,1598.0,2029.0,-21.241991128634798,,4
Bakken,2018-01-01,G,1024687.5021090589,1060465.9966607005,-3.373846466016305,49.94391935811643,1
Three Forks,2018-01-01,G,714438.9980524798,721016.49987517,-0.9122539947184146,55.44980188679154,2
Middle Bakken / Three Forks Shale,2018-01-01,G,1965.33327,1352.3334,45.329049034801635,18.168144600569043,3
Duperow,2018-01-01,G,590.33331,399.5,47.76803754693366,1100.6778860833115,4
Bakken,2018-01-01,O,7070827.0,7055616.0,0.2155871294582925,43.460245972068904,1
Three Forks,2018-01-01,O,4518087.0,4708310.0,-4.040154535279113,23.080399537762723,2
Middle Bakken / Three Forks Shale,2018-01-01,O,12700.0,15295.0,-16.966328865642367,-2.4427715470886464,3
Duperow,2018-01-01,O,1771.0,1598.0,10.826032540675845,379.94579945799455,4
Bakken,2018-02-01,G,955886.1656688789,1024687.5021090589,-6.714372557347473,37.90950281978912,1
Three Forks,2018-02-01,G,650290.3305657501,714438.9980524798,-8.97888660355822,31.359267284097292,2
Middle Bakken / Three Forks Shale,2018-02-01,G,1654.66667,1965.33327,-15.807324118621368,-45.614900525585334,3
Duperow,2018-02-01,G,451.66666,590.33331,-23.489552029513632,106.55487185129766,4
Bakken,2018-02-01,O,5776263.0,7070827.0,-18.308523175577623,20.63099081233003,1
Three Forks,2018-02-01,O,3975263.0,4518087.0,-12.014465414233944,8.7832488711235,2
Middle Bakken / Three Forks Shale,2018-02-01,O,9309.0,12700.0,-26.700787401574804,-61.86867652480236,3
Duperow,2018-02-01,O,1506.0,1771.0,-14.963297571993225,-8.226691042047532,4
Bakken,2018-03-01,G,1055291.8340130604,955886.1656688789,10.399320747007843,24.776868051440587,1
Three Forks,2018-03-01,G,691975.1643833104,650290.3305657501,6.410188166460137,17.986177083633674,2
Middle Bakken / Three Forks Shale,2018-03-01,G,1310.8334,1654.66667,-20.77960934573004,2521.6668,3
Duperow,2018-03-01,G,162.83333,451.66666,-63.94833968927439,-82.85964947368421,4
Bakken,2018-03-01,O,5854308.0,5776263.0,1.3511330768699417,9.414599146670835,1
Three Forks,2018-03-01,O,3885995.0,3975263.0,-2.245587273093629,-4.958222897467008,2
Middle Bakken / Three Forks Shale,2018-03-01,O,8132.0,9309.0,-12.643678160919542,-45.26117393645665,3
Duperow,2018-03-01,O,543.0,1506.0,-63.94422310756972,-71.58555729984302,4
Bakken,2018-04-01,G,969106.66467286,1055291.8340130604,-8.16695122262586,7.475370517212567,1
Three Forks,2018-04-01,G,624671.0007978298,691975.1643833104,-9.726384276444682,-5.886733941792619,2
Middle Bakken / Three Forks Shale,2018-04-01,G,1177.83337,1310.8334,-10.146219191546379,83.89279781420767,3
Duperow,2018-04-01,G,445.16666,162.83333,173.38792371316117,-40.64444533333334,4
Bakken,2018-04-01,O,5448722.0,5854308.0,-6.927992172601784,0.8373498836674762,1
Three Forks,2018-04-01,O,3645831.0,3885995.0,-6.180244699234044,-8.140083040578215,2
Middle Bakken / Three Forks Shale,2018-04-01,O,7021.0,8132.0,-13.66207575012297,158.21993379919087,3
Duperow,2018-04-01,O,1047.0,543.0,92.81767955801105,-48.03970223325062,4
Bakken,2018-05-01,G,921883.0014797013,969106.66467286,-4.872906658742247,0.7691268863274054,1
Three Forks,2018-05-01,G,725779.4982526305,624671.0007978298,16.18587981924323,17.41319668927094,2
Middle Bakken / Three Forks Shale,2018-05-01,G,1153.00002,1177.83337,-2.1083924630187805,161.55009984589825,3
Duperow,2018-05-01,G,1079.5,445.16666,142.4934517782621,7.95,4
Bakken,2018-05-01,O,5182701.0,5448722.0,-4.882264134598902,-0.47329283030303143,1
Three Forks,2018-05-01,O,3459489.0,3645831.0,-5.11109812824566,-12.251299684260935,2
Middle Bakken / Three Forks Shale,2018-05-01,O,6910.0,7021.0,-1.5809713715994873,74.18704310562137,3
Duperow,2018-05-01,O,2591.0,1047.0,147.46895893027698,12.019022913964548,4
Bakken,2018-06-01,G,934658.8343330789,921883.0014797013,1.385841026775781,16.20540206272826,1
Three Forks,2018-06-01,G,584277.8353896999,725779.4982526305,-19.49650867840806,-3.109844724031226,2
Duperow,2018-06-01,G,569.66669,1079.5,-47.22865308012969,-51.2758327170824,3
Middle Bakken / Three Forks Shale,2018-06-01,G,337.66667,1153.00002,-70.7140794325398,-49.789344990809894,4
Bakken,2018-06-01,O,4745968.0,5182701.0,-8.426745050505518,-6.437741842128297,1
Three Forks,2018-06-01,O,3008764.0,3459489.0,-13.028658278722666,-18.802095280760607,2
Middle Bakken / Three Forks Shale,2018-06-01,O,6469.0,6910.0,-6.382054992764109,-15.855879292403745,3
Duperow,2018-06-01,O,1554.0,2591.0,-40.023157082207646,18.98928024502297,4
Bakken,2018-07-01,G,931925.83292058,934658.8343330789,-0.292406310421171,14.328444594134565,1
Three Forks,2018-07-01,G,583145.6661212904,584277.8353896999,-0.193772414395004,-17.881149680672156,2
Middle Bakken / Three Forks Shale,2018-07-01,G,930.6666700000001,337.66667,175.61697753586398,-37.94866349822586,3
Duperow,2018-07-01,G,561.0,569.66669,-1.5213615526651236,50.806451612903224,4
Bakken,2018-07-01,O,4757416.0,4745968.0,0.2412152800018879,-14.802661033424808,1
Three Forks,2018-07-01,O,2964018.0,3008764.0,-1.4871887592380126,-26.82116425734302,2
Middle Bakken / Three Forks Shale,2018-07-01,O,9398.0,6469.0,45.27747719894884,41.77100618494494,3
Duperow,2018-07-01,O,1530.0,1554.0,-1.5444015444015444,-36.54085441725425,4
Bakken,2018-08-01,G,835927.3323415605,931925.83292058,-10.301088046692302,-8.531809994851058,1
Three Forks,2018-08-01,G,539799.16619438,583145.6661212904,-7.433219938891666,-11.294737824258004,2
Duperow,2018-08-01,G,607.83331,561.0,8.348183600713009,-3.6714247226624432,3
Middle Bakken / Three Forks Shale,2018-08-01,G,327.0,930.6666700000001,-64.86389697398319,93.6821292212102,4
Bakken,2018-08-01,O,4429091.0,4757416.0,-6.901330470154386,-26.611871102008894,1
Three Forks,2018-08-01,O,2853032.0,2964018.0,-3.744444197032542,-32.69477837179336,2
Middle Bakken / Three Forks Shale,2018-08-01,O,6547.0,9398.0,-30.336241753564586,-12.144390767579173,3
Duperow,2018-08-01,O,1459.0,1530.0,-4.640522875816994,-34.27927927927928,4
Bakken,2018-09-01,G,761123.1651488806,835927.3323415605,-8.948644732448455,-10.489392815306045,1
Three Forks,2018-09-01,G,496866.3327679298,539799.16619438,-7.953482723793283,-22.28025667312412,2
Middle Bakken / Three Forks Shale,2018-09-01,G,1271.83331,327.0,288.9398501529052,321.3694060891155,3
Duperow,2018-09-01,G,613.33331,607.83331,0.9048533388208028,-13.002367375886529,4
Bakken,2018-09-01,O,4077528.0,4429091.0,-7.9375880965191286,-29.338552742191204,1
Three Forks,2018-09-01,O,2650072.0,2853032.0,-7.113835386353886,-37.41410614657077,2
Middle Bakken / Three Forks Shale,2018-09-01,O,6618.0,6547.0,1.0844661677104017,-54.94587786779223,3
Duperow,2018-09-01,O,1472.0,1459.0,0.8910212474297465,-22.648449816079875,4
Bakken,2018-10-01,G,822982.3330442793,761123.1651488806,8.127353196942657,-10.935105731229376,1
Three Forks,2018-10-01,G,418006.33300682984,496866.3327679298,-15.871471774267496,-38.26957578281365,2
Middle Bakken / Three Forks Shale,2018-10-01,G,797.16669,1271.83331,-37.321448987682196,53.992276535787,3
Duperow,2018-10-01,G,555.83331,613.33331,-9.375000356657623,6.754152066075125,4
Bakken,2018-10-01,O,4019578.0,4077528.0,-1.4212042198116113,-39.9573592744773,1
Three Forks,2018-10-01,O,2709999.0,2650072.0,2.2613347863756155,-42.81274056641997,2
Middle Bakken / Three Forks Shale,2018-10-01,O,7753.0,6618.0,17.150196433967967,-52.35959198721888,3
Duperow,2018-10-01,O,1334.0,1472.0,-9.375,-35.95775324051848,4
Bakken,2018-11-01,G,645404.6654736202,822982.3330442793,-21.5773365284507,-40.67656481984829,1
Three Forks,2018-11-01,G,508788.0004109305,418006.33300682984,21.717773209578947,-19.20768320941817,2
Middle Bakken / Three Forks Shale,2018-11-01,G,1412.83338,797.16669,77.23186351401611,8.860925086113127,3
Duperow,2018-11-01,G,484.5,555.83331,-12.833579549235722,43.20196762163609,4
Bakken,2018-11-01,O,3742962.0,4019578.0,-6.881717434019192,-44.77668115254582,1
Three Forks,2018-11-01,O,2428407.0,2709999.0,-10.390852542750016,-47.210609150076735,2
Middle Bakken / Three Forks Shale,2018-11-01,O,7478.0,7753.0,-3.5470140590739065,-50.130043347782596,3
Duperow,2018-11-01,O,1163.0,1334.0,-12.818590704647676,-42.681123706259235,4
Bakken,2018-12-01,G,678934.0015924709,645404.6654736202,5.1950873479115245,-35.977767912373906,1
Three Forks,2018-12-01,G,422016.3337302299,508788.0004109305,-17.054581989083495,-41.46925433699592,2
Duperow,2018-12-01,G,473.0,484.5,-2.3735810113519094,18.39799749687109,3
Middle Bakken / Three Forks Shale,2018-12-01,G,266.66666399999997,1412.83338,-81.12539894831761,-80.28099697899943,4
Bakken,2018-12-01,O,3702836.0,3742962.0,-1.0720386688403463,-47.5193094408766,1
Three Forks,2018-12-01,O,2370133.0,2428407.0,-2.3996801195186803,-49.66064256601626,2
Middle Bakken / Three Forks Shale,2018-12-01,O,3692.0,7478.0,-50.62851029687082,-75.86139261196469,3
Duperow,2018-12-01,O,645.0,1163.0,-44.53998280309544,-59.63704630788486,4
Bakken,2019-01-01,G,654570.6680300506,678934.0015924709,-3.5884686148101306,-36.11997153446459,1
Three Forks,2019-01-01,G,414953.50108949025,422016.3337302299,-1.6735922466106432,-41.91897387731773,2
Duperow,2019-01-01,G,454.16666,473.0,-3.981678646934465,-23.066062458850578,3
Middle Bakken / Three Forks Shale,2019-01-01,G,238.66665999999998,266.66666399999997,-10.500001605000014,-87.85617362494455,4
Bakken,2019-01-01,O,3554700.0,3702836.0,-4.000609262738075,-49.72723841214047,1
Three Forks,2019-01-01,O,2281067.0,2370133.0,-3.757848188266228,-49.51254812047665,2
Middle Bakken / Three Forks Shale,2019-01-01,O,3706.0,3692.0,0.37919826652221017,-70.81889763779527,3
Duperow,2019-01-01,O,1239.0,645.0,92.09302325581396,-30.039525691699602,4
Bakken,2019-02-01,G,560304.8329881497,654570.6680300506,-14.401170056335802,-41.383728197794575,1
Three Forks,2019-02-01,G,359105.99978717015,414953.50108949025,-13.458737221324432,-44.77758888483713,2
Duperow,2019-02-01,G,287.83334,454.16666,-36.62385081282716,-36.273060313993504,3
Middle Bakken / Three Forks Shale,2019-02-01,G,281.83333400000004,238.66665999999998,18.086595756608844,-82.9673650222253,4
Bakken,2019-02-01,O,2905051.0,3554700.0,-18.27577573353588,-49.7070857057582,1
Three Forks,2019-02-01,O,1891351.0,2281067.0,-17.084811625436693,-52.4219906959615,2
Middle Bakken / Three Forks Shale,2019-02-01,O,5754.0,3706.0,55.26173772261198,-38.1888495004834,3
Duperow,2019-02-01,O,691.0,1239.0,-44.229217110573046,-54.11686586985391,4
Bakken,2019-03-01,G,648453.3341191503,560304.8329881497,15.73224001315457,-38.552226671439875,1
Three Forks,2019-03-01,G,450425.0003773406,359105.99978717015,25.429539089932245,-34.907345875807515,2
Middle Bakken / Three Forks Shale,2019-03-01,G,960.49998,281.83333400000004,240.8042499330473,-26.726006523788605,3
Duperow,2019-03-01,G,495.33334,287.83334,72.09032838238961,204.1965302803794,4
Bakken,2019-03-01,O,3273293.0,2905051.0,12.675922040611335,-44.08744808096875,1
Three Forks,2019-03-01,O,2158411.0,1891351.0,14.120065498154494,-44.45667068537144,2
Middle Bakken / Three Forks Shale,2019-03-01,O,6606.0,5754.0,14.80709071949948,-18.765371372356125,3
Duperow,2019-03-01,O,1189.0,691.0,72.06946454413892,118.96869244935544,4
Bakken,2019-04-01,G,643699.4999281992,648453.3341191503,-0.7331035158310379,-33.57805457405537,1
Three Forks,2019-04-01,G,378131.50028977,450425.0003773406,-16.050063834602245,-39.467095509985185,2
Middle Bakken / Three Forks Shale,2019-04-01,G,1356.33331,960.49998,41.21117524645861,15.154939955555847,3
Duperow,2019-04-01,G,647.0,495.33334,30.619109951290575,45.338826586878724,4
Bakken,2019-04-01,O,3166403.0,3273293.0,-3.2655188521162026,-41.887235208549825,1
Three Forks,2019-04-01,O,2028362.0,2158411.0,-6.025219478588647,-44.36489239353113,2
Middle Bakken / Three Forks Shale,2019-04-01,O,7106.0,6606.0,7.568876778686043,1.2106537530266344,3
Duperow,2019-04-01,O,1502.0,1189.0,26.324642556770396,43.4574976122254,4
Bakken,2019-05-01,G,664443.1666599003,643699.4999281992,3.2225699622284854,-27.92543461660405,1
Three Forks,2019-05-01,G,392286.99844294967,378131.50028977,3.743538462765466,-45.949561900355334,2
Duperow,2019-05-01,G,468.16666,647.0,-27.64039258114374,-56.63115701713757,3
Middle Bakken / Three Forks Shale,2019-05-01,G,369.5,1356.33331,-72.75743379037118,-67.95316621069964,4
Bakken,2019-05-01,O,3057760.0,3166403.0,-3.431117264605927,-41.000648117651394,1
Three Forks,2019-05-01,O,2065089.0,2028362.0,1.8106728483377226,-40.30653082001417,2
Middle Bakken / Three Forks Shale,2019-05-01,O,6842.0,7106.0,-3.7151702786377707,-0.9840810419681622,3
Duperow,2019-05-01,O,1277.0,1502.0,-14.980026631158456,-50.71401003473562,4
Bakken,2019-06-01,G,624750.49929337,664443.1666599003,-5.973824302545237,-33.157375039507585,1
Three Forks,2019-06-01,G,356509.1656694799,392286.99844294967,-9.120320814984382,-38.982938582344744,2
Middle Bakken / Three Forks Shale,2019-06-01,G,348.33334,369.5,-5.728460081190793,3.1589348158051873,3
Duperow,2019-06-01,G,56.666668,468.16666,-87.89604795864788,-90.05266254904251,4
Bakken,2019-06-01,O,2877538.0,3057760.0,-5.893922348385747,-39.368786304501,1
Three Forks,2019-06-01,O,1874943.0,2065089.0,-9.207641898242642,-37.683945965851755,2
Middle Bakken / Three Forks Shale,2019-06-01,O,5961.0,6842.0,-12.87635194387606,-7.852836605348585,3
Duperow,2019-06-01,O,1157.0,1277.0,-9.397024275646046,-25.54697554697555,4
Bakken,2019-07-01,G,603533.4997243703,624750.49929337,-3.3960756482783823,-35.23803307040591,1
Three Forks,2019-07-01,G,374871.83415645006,356509.1656694799,5.150686224991545,-35.71557572401144,2
Middle Bakken / Three Forks Shale,2019-07-01,G,347.83333,348.33334,-0.14354353792262078,-62.625358658218644,3
Duperow,2019-07-01,G,198.33333,56.666668,249.9999858823532,-64.64646524064172,4
Bakken,2019-07-01,O,2755311.0,2877538.0,-4.247624184285316,-42.0838749438771,1
Three Forks,2019-07-01,O,1760579.0,1874943.0,-6.099598761135672,-40.601609032063905,2
Middle Bakken / Three Forks Shale,2019-07-01,O,5463.0,5961.0,-8.354302969300454,-41.87061076824856,3
Duperow,2019-07-01,O,1061.0,1157.0,-8.297320656871218,-30.65359477124183,4
Bakken,2019-08-01,G,618734.4997460404,603533.4997243703,2.5186671541202474,-25.982262356122472,1
Three Forks,2019-08-01,G,378914.66738684976,374871.83415645006,1.0784574518640562,-29.804510433348142,2
Middle Bakken / Three Forks Shale,2019-08-01,G,746.666644,347.83333,114.66219007821937,128.33842324159022,3
Duperow,2019-08-01,G,226.33333,198.33333,14.117647296094912,-62.76391466601263,4
Bakken,2019-08-01,O,2744329.0,2755311.0,-0.39857569617368055,-38.03855012236145,1
Three Forks,2019-08-01,O,1727028.0,1760579.0,-1.9056798928079912,-39.46692501170684,2
Middle Bakken / Three Forks Shale,2019-08-01,O,3911.0,5463.0,-28.40929892000732,-40.26271574767069,3
Duperow,2019-08-01,O,1132.0,1061.0,6.691800188501413,-22.412611377655928,4
Bakken,2019-09-01,G,585064.1672473098,618734.4997460404,-5.441806221012505,-23.1314727974588,1
Three Forks,2019-09-01,G,360326.83346552,378914.66738684976,-4.9055461614930485,-27.48012700755537,2
Middle Bakken / Three Forks Shale,2019-09-01,G,1256.16669,746.666644,68.23661537504012,-1.2318139395169614,3
Duperow,2019-09-01,G,227.5,226.33333,0.5154653978713655,-62.90760728452853,4
Bakken,2019-09-01,O,2526460.0,2744329.0,-7.938880505945169,-38.03941996229088,1
Three Forks,2019-09-01,O,1555724.0,1727028.0,-9.919005366444551,-41.29502896525076,2
Middle Bakken / Three Forks Shale,2019-09-01,O,6471.0,3911.0,65.456405011506,-2.2212148685403448,3
Duperow,2019-09-01,O,1122.0,1132.0,-0.88339222614841,-23.777173913043477,4
Silurian,2019-09-01,O,1.0,425.0,-99.76470588235294,,5
Bakken,2019-10-01,G,551277.66698771,585064.1672473098,-5.774836701854966,-33.014641402022725,1
Three Forks,2019-10-01,G,340742.6674813599,360326.83346552,-5.435111727818106,-18.483850464583153,2
Middle Bakken / Three Forks Shale,2019-10-01,G,1719.49991,1256.16669,36.884692428836814,115.70142500560327,3
Duperow,2019-10-01,G,56.666668,227.5,-75.09157450549449,-89.80509678342236,4
Bakken,2019-10-01,O,2659042.0,2526460.0,5.247737941625832,-33.84773227438303,1
Three Forks,2019-10-01,O,1647039.0,1555724.0,5.869614404611615,-39.22363070982683,2
Middle Bakken / Three Forks Shale,2019-10-01,O,8895.0,6471.0,37.45943439962912,14.72978201986328,3
Duperow,2019-10-01,O,915.0,1122.0,-18.449197860962567,-31.40929535232384,4
Bakken,2019-11-01,G,592678.8346407302,551277.66698771,7.510038975321506,-8.169422015906559,1
Three Forks,2019-11-01,G,385539.66823062033,340742.6674813599,13.146871532227767,-24.223907026259806,2
Middle Bakken / Three Forks Shale,2019-11-01,G,259.66667,1719.49991,-84.89870988129333,-81.62085680620031,3
Duperow,2019-11-01,G,252.83333,56.666668,346.1764542076128,-47.815618163054694,4
Bakken,2019-11-01,O,2461970.0,2659042.0,-7.411391019773286,-34.224018304220024,1
Three Forks,2019-11-01,O,1576331.0,1647039.0,-4.293037384057087,-35.08785800732744,2
Middle Bakken / Three Forks Shale,2019-11-01,O,5780.0,8895.0,-35.019673974142776,-22.7066060443969,3
Duperow,2019-11-01,O,1124.0,915.0,22.84153005464481,-3.353396388650043,4
Bakken,2019-12-01,G,579644.8338486396,592678.8346407302,-2.1991675812063534,-14.624273863283321,1
Three Forks,2019-12-01,G,345874.83290011977,385539.66823062033,-10.288133387813685,-18.04231133830542,2
Middle Bakken / Three Forks Shale,2019-12-01,G,760.5,259.66667,192.87547762675894,185.18750285187505,3
Duperow,2019-12-01,G,83.333336,252.83333,-67.04020945339761,-82.38195856236786,4
Bakken,2019-12-01,O,2458868.0,2461970.0,-0.12599666121033157,-33.59500663815519,1
Three Forks,2019-12-01,O,1499306.0,1576331.0,-4.886346839591431,-36.74169339864049,2
Middle Bakken / Three Forks Shale,2019-12-01,O,4090.0,5780.0,-29.238754325259514,10.780065005417118,3
Duperow,2019-12-01,O,1197.0,1124.0,6.494661921708185,85.5813953488372,4
Bakken,2020-01-01,G,506199.6680192999,579644.8338486396,-12.670718609133354,-22.666918524974164,1
Three Forks,2020-01-01,G,323179.8330134497,345874.83290011977,-6.561622219337322,-22.116614954466517,2
Duperow,2020-01-01,G,381.66666,83.333336,357.9999773440007,-15.963302986617292,3
Middle Bakken / Three Forks Shale,2020-01-01,G,145.16667,760.5,-80.91168047337277,-39.175974557988106,4
Bakken,2020-01-01,O,2368430.0,2458868.0,-3.6780339570891973,-33.37187385714688,1
Three Forks,2020-01-01,O,1484846.0,1499306.0,-0.9644462171164525,-34.9056384577919,2
Middle Bakken / Three Forks Shale,2020-01-01,O,2059.0,4090.0,-49.65770171149144,-44.44144630329196,3
Duperow,2020-01-01,O,1248.0,1197.0,4.260651629072681,0.7263922518159807,4
Bakken,2020-02-01,G,537513.1659086798,506199.6680192999,6.185997318391371,-4.067726304968696,1
Three Forks,2020-02-01,G,335711.4991582999,323179.8330134497,3.8776139055461027,-6.514650449375781,2
Middle Bakken / Three Forks Shale,2020-02-01,G,1337.83331,145.16667,821.5843485284879,374.6895234188302,3
Bakken,2020-02-01,O,2245097.0,2368430.0,-5.207373661032836,-22.717466922267455,1
Three Forks,2020-02-01,O,1454161.0,1484846.0,-2.066544274625113,-23.115222927949386,2
Middle Bakken / Three Forks Shale,2020-02-01,O,6386.0,2059.0,210.1505585235551,10.983663538408065,3
Duperow,2020-02-01,O,1144.0,1248.0,-8.333333333333332,65.55716353111433,4
Bakken,2020-03-01,G,524045.8324713701,537513.1659086798,-2.5054890357044264,-19.18526671110012,1
Three Forks,2020-03-01,G,348891.50008486985,335711.4991582999,3.9259903100176916,-22.541710652697276,2
Middle Bakken / Three Forks Shale,2020-03-01,G,338.500006,1337.83331,-74.69789371592191,-64.75793721515747,3
Bakken,2020-03-01,O,2305794.0,2245097.0,2.7035357492348884,-29.557360126331496,1
Three Forks,2020-03-01,O,1549739.0,1454161.0,6.57272475331136,-28.200004540377154,2
Middle Bakken / Three Forks Shale,2020-03-01,O,1669.0,6386.0,-73.86470404008769,-74.73508931274598,3
Duperow,2020-03-01,O,1191.0,1144.0,4.108391608391608,0.16820857863751051,4
Bakken,2020-04-01,G,466476.9998308299,524045.8324713701,-10.985457582793643,-27.531868537592057,1
Three Forks,2020-04-01,G,274243.1668396099,348891.50008486985,-21.395858949587854,-27.474128278270477,2
Bakken,2020-04-01,O,1956365.0,2305794.0,-15.154389333999482,-38.21490820972567,1
Three Forks,2020-04-01,O,1243844.0,1549739.0,-19.738484996505864,-38.6774155698046,2
Duperow,2020-04-01,O,1139.0,1191.0,-4.36607892527288,-24.167776298268976,3
Bakken,2020-05-01,G,371898.6658124799,466476.9998308299,-20.275026218366452,-44.02852125306923,1
Three Forks,2020-05-01,G,226838.8326971,274243.1668396099,-17.28551150017683,-42.17528656380153,2
Middle Bakken / Three Forks Shale,2020-05-01,G,4.83333331,338.500006,-98.5721319869046,-99.64364708332644,3
Bakken,2020-05-01,O,1401336.0,1956365.0,-28.370421674891954,-54.17115797184867,1
Three Forks,2020-05-01,O,774384.0,1243844.0,-37.74267512646281,-62.50118033653755,2
Duperow,2020-05-01,O,114.0,1139.0,-89.99122036874452,-91.07282693813626,3
Middle Bakken / Three Forks Shale,2020-05-01,O,36.0,1669.0,-97.84301977231875,-99.49338587109486,4
Bakken,2020-06-01,G,366423.16577950976,371898.6658124799,-1.4723096736601455,-41.34887988181584,1
Three Forks,2020-06-01,G,226162.00008602988,226838.8326971,-0.29837598925308867,-36.56207978234563,2
Middle Bakken / Three Forks Shale,2020-06-01,G,5.5,4.83333331,13.793103997621872,-98.51150202976996,3
Bakken,2020-06-01,O,1382872.0,1401336.0,-1.317599776213556,-51.94252864775374,1
Three Forks,2020-06-01,O,787424.0,774384.0,1.683919089237381,-58.00277661774251,2
Duperow,2020-06-01,O,1475.0,114.0,1193.859649122807,27.484874675885912,3
Middle Bakken / Three Forks Shale,2020-06-01,O,44.0,36.0,22.22222222222222,-99.35691318327974,4
Bakken,2020-07-01,G,454296.00008322997,366423.16577950976,23.981244230774568,-24.72729346578046,1
Three Forks,2020-07-01,G,246836.33308369995,226162.00008602988,9.141382278988406,-34.15447345113568,2
Bakken,2020-07-01,O,1865209.0,1382872.0,34.87936699853638,-32.30495577450241,1
Three Forks,2020-07-01,O,1116072.0,787424.0,41.737107327183324,-36.60767281672677,2
Duperow,2020-07-01,O,1520.0,1475.0,3.050847457627119,43.26107445805844,3
Bakken,2020-08-01,G,471948.50004949997,454296.00008322997,3.8856824543988826,-23.72358414744754,1
Three Forks,2020-08-01,G,266768.8332940599,246836.33308369995,8.075188916212356,-29.59659357242445,2
Middle Bakken / Three Forks Shale,2020-08-01,G,21.166666,5.5,284.8484727272727,-93.92344528376181,3
Bakken,2020-08-01,O,2002960.0,1865209.0,7.38528497342657,-27.014581706493644,1
Three Forks,2020-08-01,O,1234382.0,1116072.0,10.600570572507866,-28.525652160821945,2
Duperow,2020-08-01,O,1212.0,1520.0,-20.263157894736842,7.06713780918728,3
Middle Bakken / Three Forks Shale,2020-08-01,O,124.0,44.0,181.8181818181818,-97.91981211206173,4
Bakken,2020-09-01,G,472994.9990177701,471948.50004949997,0.22174007718223074,-19.15502170587854,1
Three Forks,2020-09-01,G,274443.33388205006,266768.8332940599,2.876835533306298,-23.83488866412393,2
Middle Bakken / Three Forks Shale,2020-09-01,G,5.0,21.166666,-76.377952011904,-98.5625299335173,3
Bakken,2020-09-01,O,2064916.0,2002960.0,3.0932220313935375,-18.268407178423566,1
Three Forks,2020-09-01,O,1314355.0,1234382.0,6.478788575983771,-15.514898529559229,2
Duperow,2020-09-01,O,1458.0,1212.0,20.2970297029703,29.946524064171122,3
Middle Bakken / Three Forks Shale,2020-09-01,O,38.0,124.0,-69.35483870967742,-99.30441149551528,4
Bakken,2020-10-01,G,495695.8318649498,472994.9990177701,4.799381155048283,-10.082366555218966,1
Three Forks,2020-10-01,G,311286.66658563964,274443.33388205006,13.424750451189338,-8.644647033330992,2
Middle Bakken / Three Forks Shale,2020-10-01,G,8.0,5.0,60.0,-98.92857139604591,3
Bakken,2020-10-01,O,2127188.0,2064916.0,3.0157158935278723,-20.001714903337366,1
Three Forks,2020-10-01,O,1362998.0,1314355.0,3.700902724149868,-17.245553991131963,2
Duperow,2020-10-01,O,629.0,1458.0,-56.85871056241426,-31.256830601092894,3
Middle Bakken / Three Forks Shale,2020-10-01,O,27.0,38.0,-28.947368421052634,-99.30963947839427,4
Bakken,2020-11-01,G,484809.5000999606,495695.8318649498,-2.196171737823916,-18.200301450980238,1
Three Forks,2020-11-01,G,279869.33339789,311286.66658563964,-10.092733342019416,-27.408420855288217,2
Middle Bakken / Three Forks Shale,2020-11-01,G,0.66666669,8.0,-91.666666375,-99.94692848526337,3
Bakken,2020-11-01,O,2090567.0,2127188.0,-1.721568568457513,-15.085602180367754,1
Three Forks,2020-11-01,O,1293827.0,1362998.0,-5.074915737220451,-17.92161671628611,2
Duperow,2020-11-01,O,1098.0,629.0,74.56279809220986,-2.3131672597864767,3
Bakken,2020-12-01,G,557079.4997061599,484809.5000999606,14.906886022509525,-3.892958726579817,1
Three Forks,2020-12-01,G,300178.1656463196,279869.33339789,7.256540758453375,-13.211908733179273,2
Middle Bakken / Three Forks Shale,2020-12-01,G,362.33334,0.66666669,54249.999097750035,-78.9279814501415,3
Bakken,2020-12-01,O,2137567.0,2090567.0,2.2481939110298783,-13.067029218323228,1
Three Forks,2020-12-01,O,1323487.0,1293827.0,2.292423948487704,-11.726692216265393,2
Middle Bakken / Three Forks Shale,2020-12-01,O,2075.0,27.0,7585.185185185184,-67.9338587544429,3
Duperow,2020-12-01,O,703.0,1098.0,-35.974499089253186,-41.269841269841265,4
Bakken,2021-01-01,G,485732.33358663996,557079.4997061599,-12.80735804443587,-4.043332251233243,1
Three Forks,2021-01-01,G,311528.83332399995,300178.1656463196,3.781310227291506,-3.6051134691207216,2
Middle Bakken / Three Forks Shale,2021-01-01,G,103.0,362.33334,-71.57313759755036,-60.3337617415435,3
Bakken,2021-01-01,O,2051696.0,2137567.0,-4.017230804929155,-13.373162812496043,1
Three Forks,2021-01-01,O,1312212.0,1323487.0,-0.8519161880698489,-11.626390884980664,2
Middle Bakken / Three Forks Shale,2021-01-01,O,2782.0,2075.0,34.0722891566265,-68.72400224845418,3
Duperow,2021-01-01,O,363.0,703.0,-48.364153627311524,-70.91346153846155,4
Bakken,2021-02-01,G,473987.16657247953,485732.33358663996,-2.418032772789552,-11.818501083374947,1
Three Forks,2021-02-01,G,249968.50034958002,311528.83332399995,-19.760717593159416,-25.54067972759223,2
Middle Bakken / Three Forks Shale,2021-02-01,G,306.999994,103.0,198.05824660194176,-59.63182195923734,3
Bakken,2021-02-01,O,1759095.0,2051696.0,-14.261420795283511,-21.64726067515123,1
Three Forks,2021-02-01,O,1125930.0,1312212.0,-14.196029300143575,-22.571847271381916,2
Middle Bakken / Three Forks Shale,2021-02-01,O,3638.0,2782.0,30.76923076923077,-37.05882352941177,3
Duperow,2021-02-01,O,584.0,363.0,60.88154269972452,-48.95104895104895,4
Bakken,2021-03-01,G,530176.3336846994,473987.16657247953,11.85457562459715,1.1698406577184615,1
Three Forks,2021-03-01,G,342184.66758825985,249968.50034958002,36.89111512439202,-1.9223261372026919,2
Middle Bakken / Three Forks Shale,2021-03-01,G,129.0,306.999994,-57.98045520482975,-11.136626609951175,3
Bakken,2021-03-01,O,2007982.0,1759095.0,14.14858208340084,-12.915811212970457,1
Three Forks,2021-03-01,O,1367890.0,1125930.0,21.489790661941687,-11.734169431110658,2
Middle Bakken / Three Forks Shale,2021-03-01,O,5094.0,3638.0,40.021990104452996,24.547677261613693,3
Duperow,2021-03-01,O,1099.0,584.0,88.18493150684932,-7.724601175482787,4
Bakken,2021-04-01,G,562179.6675887302,530176.3336846994,6.036356561148111,20.516052837033197,1
Three Forks,2021-04-01,G,334323.1670855299,342184.66758825985,-2.297443821237912,21.907565077476495,2
Middle Bakken / Three Forks Shale,2021-04-01,G,165.83333199999998,129.0,28.55297054263565,-87.60433525160171,3
Bakken,2021-04-01,O,1887752.0,2007982.0,-5.987603474533138,-3.50716762976234,1
Three Forks,2021-04-01,O,1301847.0,1367890.0,-4.828092902207049,4.663205353726029,2
Middle Bakken / Three Forks Shale,2021-04-01,O,4175.0,5094.0,-18.040832351786413,102.76833414278777,3
Duperow,2021-04-01,O,1217.0,1099.0,10.737033666969973,6.848112379280071,4
Bakken,2021-05-01,G,566770.16562268,562179.6675887302,0.816553550155783,52.39908548326411,1
Three Forks,2021-05-01,G,351122.50033645006,334323.1670855299,5.024878591982947,54.78941421167829,2
Middle Bakken / Three Forks Shale,2021-05-01,G,546.66666,165.83333199999998,229.64823983636776,61.49679477405977,3
Bakken,2021-05-01,O,1955956.0,1887752.0,3.6129745856447246,39.577945617610624,1
Three Forks,2021-05-01,O,1302253.0,1301847.0,0.03118646046732066,68.1663102543441,2
Middle Bakken / Three Forks Shale,2021-05-01,O,7259.0,4175.0,73.8682634730539,13.670529282806138,3
Duperow,2021-05-01,O,1258.0,1217.0,3.3689400164338537,1003.5087719298244,4
Bakken,2021-06-01,G,551186.5013703802,566770.16562268,-2.749556204176499,50.423486516692904,1
Three Forks,2021-06-01,G,326035.1673612901,351122.50033645006,-7.144894716550771,44.16001239698508,2
Middle Bakken / Three Forks Shale,2021-06-01,G,1534.8333400000001,546.66666,180.76219976539272,31655.172705024972,3
Bakken,2021-06-01,O,1821729.0,1955956.0,-6.8624754340077185,31.735185902961373,1
Three Forks,2021-06-01,O,1211000.0,1302253.0,-7.007317318524127,53.792619986182785,2
Middle Bakken / Three Forks Shale,2021-06-01,O,8224.0,7259.0,13.29384212701474,392.75014979029356,3
Duperow,2021-06-01,O,1217.0,1258.0,-3.259141494435612,-17.491525423728813,4
Bakken,2021-07-01,G,514411.16713872005,551186.5013703802,-6.672030998623502,13.232598800006294,1
Three Forks,2021-07-01,G,339163.8329106598,326035.1673612901,4.026763632777505,37.40433941532117,2
Middle Bakken / Three Forks Shale,2021-07-01,G,406.5,1534.8333400000001,-73.515039750179,7290.909090909091,3
Bakken,2021-07-01,O,1853043.0,1821729.0,1.718916479893552,-0.6522593446632522,1
Three Forks,2021-07-01,O,1181292.0,1211000.0,-2.453179190751445,5.843709008020988,2
Middle Bakken / Three Forks Shale,2021-07-01,O,7965.0,8224.0,-3.14931906614786,22025.0,3
Duperow,2021-07-01,O,1258.0,1217.0,3.3689400164338537,-17.236842105263158,4
Bakken,2021-08-01,G,518603.8338128701,514411.16713872005,0.815041924045053,9.885683238420444,1
Three Forks,2021-08-01,G,339831.16657605,339163.8329106598,0.19675849858849553,27.38788200248764,2
Middle Bakken / Three Forks Shale,2021-08-01,G,217.833336,406.5,-46.412463468634684,929.1339032798081,3
Bakken,2021-08-01,O,1783551.0,1853043.0,-3.750155824770391,-10.954237728162319,1
Three Forks,2021-08-01,O,1168774.0,1181292.0,-1.0596871899581135,-5.315048339979034,2
Middle Bakken / Three Forks Shale,2021-08-01,O,6550.0,7965.0,-17.765222849968612,14786.363636363638,3
Duperow,2021-08-01,O,352.0,1258.0,-72.01907790143083,-70.95709570957096,4
Bakken,2021-09-01,G,499098.00033797,518603.8338128701,-3.7612204544439365,5.518663278555973,1
Three Forks,2021-09-01,G,325111.3325735602,339831.16657605,-4.331513836943996,18.46209852314582,2
Middle Bakken / Three Forks Shale,2021-09-01,G,998.33331,217.833336,358.3014373888118,19866.6662,3
Bakken,2021-09-01,O,1692659.0,1783551.0,-5.096125650457991,-18.027706696059305,1
Three Forks,2021-09-01,O,1129395.0,1168774.0,-3.369257016326509,-14.072301623229643,2
Middle Bakken / Three Forks Shale,2021-09-01,O,6267.0,6550.0,-4.320610687022901,4954.032258064516,3
Duperow,2021-09-01,O,1217.0,352.0,245.73863636363637,-16.52949245541838,4
Bakken,2021-10-01,G,487893.66628195986,499098.00033797,-2.2449166393018958,-1.5739824871304529,1
Three Forks,2021-10-01,G,326065.5000338,325111.3325735602,0.29348944950233324,4.747660286983253,2
Middle Bakken / Three Forks Shale,2021-10-01,G,250.0,998.33331,-74.95826318767226,3025.0,3
Bakken,2021-10-01,O,1748674.0,1692659.0,3.3092902941466646,-17.794101884741735,1
Three Forks,2021-10-01,O,1196123.0,1129395.0,5.908296034602597,-12.243231464756368,2
Middle Bakken / Three Forks Shale,2021-10-01,O,6260.0,6267.0,-0.11169618637306526,16373.684210526315,3
Duperow,2021-10-01,O,1258.0,1217.0,3.3689400164338537,100.0,4
Bakken,2021-11-01,G,497093.8332961004,487893.66628195986,1.8856910121935517,2.5338474583536277,1
Three Forks,2021-11-01,G,290410.1671438901,326065.5000338,-10.935021609527496,3.766341105695293,2
Middle Bakken / Three Forks Shale,2021-11-01,G,91.666668,250.0,-63.333332799999994,13649.99971875001,3
Bakken,2021-11-01,O,1683534.0,1748674.0,-3.725108282046854,-19.469981110387756,1
Three Forks,2021-11-01,O,1118730.0,1196123.0,-6.470321196064284,-13.53326217492756,2
Middle Bakken / Three Forks Shale,2021-11-01,O,5562.0,6260.0,-11.150159744408946,20500.0,3
Duperow,2021-11-01,O,1217.0,1258.0,-3.259141494435612,10.837887067395265,4
Bakken,2021-12-01,G,465497.49985567987,497093.8332961004,-6.356211106243947,-16.439664338534516,1
Three Forks,2021-12-01,G,272926.00016299007,290410.1671438901,-6.020507874380696,-9.078663474624271,2
Middle Bakken / Three Forks Shale,2021-12-01,G,432.66666,91.666668,371.99998586181835,19.411219514052984,3
Bakken,2021-12-01,O,1593563.0,1683534.0,-5.3441748132202855,-25.449681811143233,1
Three Forks,2021-12-01,O,1054649.0,1118730.0,-5.728013014757806,-20.31285535860949,2
Middle Bakken / Three Forks Shale,2021-12-01,O,5475.0,5562.0,-1.564185544768069,163.85542168674698,3
Duperow,2021-12-01,O,1258.0,1217.0,3.3689400164338537,78.94736842105263,4
Bakken,2022-01-01,G,489100.5385974003,465497.49985567987,5.070497424591578,0.6934282068252631,1
Three Forks,2022-01-01,G,287893.6064468999,272926.00016299007,5.484126200864423,-7.586850509120828,2
Middle Bakken / Three Forks Shale,2022-01-01,G,135.5,432.66666,-68.68258811529412,31.55339805825243,3
Bakken,2022-01-01,O,1535096.71085,1593563.0,-3.668903529386669,-25.179134196781593,1
Three Forks,2022-01-01,O,1028280.9001599998,1054649.0,-2.5001777690966525,-21.63759360834988,2
Middle Bakken / Three Forks Shale,2022-01-01,O,2741.0,5475.0,-49.93607305936073,-1.4737598849748381,3
Duperow,2022-01-01,O,406.0,1258.0,-67.72655007949126,11.84573002754821,4
Bakken,2022-02-01,G,441975.2319460981,489100.5385974003,-9.63509604516978,-6.753755562174351,1
Three Forks,2022-02-01,G,328249.06748444657,287893.6064468999,14.017491230737003,31.31617264791022,2
Middle Bakken / Three Forks Shale,2022-02-01,G,614.17366,135.5,353.2646937269373,100.0565706851447,3
Bakken,2022-02-01,O,1398585.961663,1535096.71085,-8.89264814536749,-20.49400619847137,1
Three Forks,2022-02-01,O,1011602.4241209996,1028280.9001599998,-1.6219766443590504,-10.154057168651724,2
Middle Bakken / Three Forks Shale,2022-02-01,O,3947.8448000000003,2741.0,44.029361546880715,8.516899395272135,3
Duperow,2022-02-01,O,937.21997,406.0,130.84235714285714,60.482871575342465,4
Bakken,2022-03-01,G,590616.8941003198,441975.2319460981,33.631219898844826,11.400086457190863,1
Three Forks,2022-03-01,G,403209.08799729997,328249.06748444657,22.83632398023651,17.833768192813626,2
Middle Bakken / Three Forks Shale,2022-03-01,G,324.60499000000004,614.17366,-47.147686209792845,151.6317751937985,3
Bakken,2022-03-01,O,1622939.1042880015,1398585.961663,16.04142675350699,-19.17561490650805,1
Three Forks,2022-03-01,O,1132766.3392989999,1011602.4241209996,11.977424360492398,-17.18878423710972,2
Middle Bakken / Three Forks Shale,2022-03-01,O,4318.4541,3947.8448000000003,9.387636008386135,-15.224693757361605,3
Duperow,2022-03-01,O,1024.765,937.21997,9.340926655670826,-6.754777070063684,4
Bakken,2022-04-01,G,588119.6663668206,590616.8941003198,-0.4228168476797897,4.6141830225469995,1
Three Forks,2022-04-01,G,384790.66797639,403209.08799729997,-4.567957560776337,15.095424385576306,2
Middle Bakken / Three Forks Shale,2022-04-01,G,325.47684000000004,324.60499000000004,0.2685879844299358,96.26744278405988,3
Bakken,2022-04-01,O,1548151.4018900022,1622939.1042880015,-4.608164422214068,-17.989682866711192,1
Three Forks,2022-04-01,O,1079618.0279360008,1132766.3392989999,-4.691904192341139,-17.070283379229597,2
Middle Bakken / Three Forks Shale,2022-04-01,O,4131.243,4318.4541,-4.335141596155891,-1.0480718562874156,3
Duperow,2022-04-01,O,979.90002,1024.765,-4.378074973286564,-19.482331963845517,4
Bakken,2022-05-01,G,628780.9672920597,588119.6663668206,6.913780179538826,10.941084310824962,1
Three Forks,2022-05-01,G,401774.90220802,384790.66797639,4.413889328696534,14.425849047849153,2
Middle Bakken / Three Forks Shale,2022-05-01,G,319.07849,325.47684000000004,-1.965838798238317,-41.63198282478028,3
Bakken,2022-05-01,O,1576563.009252999,1548151.4018900022,1.8351956616330642,-19.39680599906138,1
Three Forks,2022-05-01,O,1098462.120639,1079618.0279360008,1.745440722125132,-15.649100394546982,2
Middle Bakken / Three Forks Shale,2022-05-01,O,4218.9759,4131.243,2.123644142937125,-41.879378702300585,3
Duperow,2022-05-01,O,1000.21,979.90002,2.072658392230668,-20.492050874403812,4
Bakken,2022-06-01,G,560252.3877626001,628780.9672920597,-10.89864087721807,1.6447947055452161,1
Three Forks,2022-06-01,G,385339.6606113499,401774.90220802,-4.0906590994976275,18.18960013731973,2
Middle Bakken / Three Forks Shale,2022-06-01,G,320.002,319.07849,0.28943035301440145,-79.15070049234141,3
Bakken,2022-06-01,O,1504663.5709489996,1576563.009252999,-4.560517903947682,-17.40464300952559,1
Three Forks,2022-06-01,O,1047497.2295230003,1098462.120639,-4.639658496949568,-13.501467421717564,2
Middle Bakken / Three Forks Shale,2022-06-01,O,4037.1441,4218.9759,-4.309856332670694,-50.910212791828805,3
Duperow,2022-06-01,O,956.60699,1000.21,-4.359385529038906,-21.39630320460148,4
Bakken,2022-07-01,G,583558.1571155803,560252.3877626001,4.159869705518457,13.441969069503799,1
Three Forks,2022-07-01,G,392995.93519674044,385339.6606113499,1.9868898449860242,15.872005521373127,2
Middle Bakken / Three Forks Shale,2022-07-01,G,313.78416,320.002,-1.9430628558571583,-22.808324723247235,3
Bakken,2022-07-01,O,1533039.5411099992,1504663.5709489996,1.8858680909715047,-17.269078963089406,1
Three Forks,2022-07-01,O,1066362.2764469993,1047497.2295230003,1.8009638968295476,-9.729154481110573,2
Middle Bakken / Three Forks Shale,2022-07-01,O,4123.9809000000005,4037.1441,2.150946259262841,-48.22371751412429,3
Duperow,2022-07-01,O,976.62799,956.60699,2.092918012234048,-22.36661446740859,4
Bakken,2022-08-01,G,607113.1512466604,583558.1571155803,4.036443299414762,17.066845955043107,1
Three Forks,2022-08-01,G,382690.78612471,392995.93519674044,-2.6222024578629575,12.612033198864516,2
Middle Bakken / Three Forks Shale,2022-08-01,G,325.15934000000004,313.78416,3.6251606837005594,49.26977935094381,3
Bakken,2022-08-01,O,1511927.2530060015,1533039.5411099992,-1.3771522219649552,-15.229379310936359,1
Three Forks,2022-08-01,O,1050824.4393690005,1066362.2764469993,-1.4570880291985888,-10.09173378523132,2
Middle Bakken / Three Forks Shale,2022-08-01,O,4077.3260999999998,4123.9809000000005,-1.1313049485753122,-37.7507465648855,3
Duperow,2022-08-01,O,965.0,976.62799,-1.1906263305027693,174.14772727272728,4
Bakken,2022-09-01,G,537593.38196966,607113.1512466604,-11.450875200816652,7.712990556087679,1
Three Forks,2022-09-01,G,344560.37989716,382690.78612471,-9.963763855846844,5.982272955434193,2
Middle Bakken / Three Forks Shale,2022-09-01,G,620.699,325.15934000000004,90.89071837825722,-37.826476009299945,3
Bakken,2022-09-01,O,1443969.158900999,1511927.2530060015,-4.494799202136792,-14.692258812850136,1
Three Forks,2022-09-01,O,1002825.6272689995,1050824.4393690005,-4.567728947075439,-11.206829561933649,2
Middle Bakken / Three Forks Shale,2022-09-01,O,3903.0691,4077.3260999999998,-4.273805816022408,-37.72029519706398,3
Duperow,2022-09-01,O,923.19397,965.0,-4.3322310880828985,-24.141826622843055,4
Bakken,2022-10-01,G,609004.0365599706,537593.38196966,13.283395403543249,24.823107707247736,1
Three Forks,2022-10-01,G,367582.61258193007,344560.37989716,6.681625058470582,12.732752328543304,2
Middle Bakken / Three Forks Shale,2022-10-01,G,319.96001,620.699,-48.451663366623755,27.984004000000006,3
Bakken,2022-10-01,O,1472211.6151649985,1443969.158900999,1.955890545854505,-15.809829895966976,1
Three Forks,2022-10-01,O,1021653.9994220001,1002825.6272689995,1.8775320096551664,-14.586208991717395,2
Middle Bakken / Three Forks Shale,2022-10-01,O,3988.5379000000003,3903.0691,2.189784444246711,-36.28533706070287,3
Duperow,2022-10-01,O,942.78802,923.19397,2.1224196254228054,-25.056596184419718,4
Bakken,2022-11-01,G,529534.9214094297,609004.0365599706,-13.049029296986484,6.526149781062647,1
Three Forks,2022-11-01,G,349440.56920993014,367582.61258193007,-4.93550095978935,20.326561788999665,2
Middle Bakken / Three Forks Shale,2022-11-01,G,307.23783000000003,319.96001,-3.976178148012928,235.16853694300312,3
Bakken,2022-11-01,O,1406627.395119999,1472211.6151649985,-4.4548093065852505,-16.447936595281174,1
Three Forks,2022-11-01,O,975433.8899569993,1021653.9994220001,-4.524047230388153,-12.808819826320978,2
Middle Bakken / Three Forks Shale,2022-11-01,O,3818.9781000000003,3988.5379000000003,-4.251176853553278,-31.338042071197407,3
Duperow,2022-11-01,O,902.10797,942.78802,-4.3148670896348404,-25.87444782251438,4
Bakken,2022-12-01,G,558067.6799537201,529534.9214094297,5.388267589292596,19.886289427277294,1
Three Forks,2022-12-01,G,366726.23628404003,349440.56920993014,4.94666864617123,34.368376799950504,2
Middle Bakken / Three Forks Shale,2022-12-01,G,626.43318,307.23783000000003,103.89194260355241,44.784250304842075,3
Bakken,2022-12-01,O,1434739.7550020006,1406627.395119999,1.9985647926047445,-9.966549486778959,1
Three Forks,2022-12-01,O,994202.2690510005,975433.8899569993,1.924105701805021,-5.7314548204188815,2
Middle Bakken / Three Forks Shale,2022-12-01,O,3903.5369,3818.9781000000003,2.2141734722176016,-28.702522374429222,3
Duperow,2022-12-01,O,921.42297,902.10797,2.141096259242665,-26.754930842607315,4
Bakken,2023-01-01,G,546212.8614686897,558067.6799537201,-2.1242617895401916,11.677010831979691,1
Three Forks,2023-01-01,G,388722.2083318999,366726.23628404003,5.9979270288213975,35.02286943061975,2
Middle Bakken / Three Forks Shale,2023-01-01,G,635.01933,626.43318,1.3706409995715705,368.6489520295203,3
Bakken,2023-01-01,O,1416493.8145250003,1434739.7550020006,-1.2717247440442516,-7.726086277608394,1
Three Forks,2023-01-01,O,980860.2519030002,994202.2690510005,-1.3419821663388185,-4.611643399154944,2
Middle Bakken / Three Forks Shale,2023-01-01,O,3861.715,3903.5369,-1.07138477415187,40.887085005472464,3
Duperow,2023-01-01,O,910.87598,921.42297,-1.1446415319991359,124.35368965517242,4
Bakken,2023-02-01,G,499650.8925784002,546212.8614686897,-8.524509797350971,13.049523245532468,1
Three Forks,2023-02-01,G,349550.30840379995,388722.2083318999,-10.077093381465378,6.4893530643046535,2
Middle Bakken / Three Forks Shale,2023-02-01,G,557.55734,635.01933,-12.198367252851975,-9.218291777605716,3
Bakken,2023-02-01,O,1264922.0039709997,1416493.8145250003,-10.700492229457979,-9.55707846038052,1
Three Forks,2023-02-01,O,875353.6109110005,980860.2519030002,-10.756541595737277,-13.468612763397466,2
Middle Bakken / Three Forks Shale,2023-02-01,O,3454.5698999999995,3861.715,-10.543116206141589,-12.494789562142888,3
Duperow,2023-02-01,O,814.27802,910.87598,-10.604951949660595,-13.117726247339782,4
Bakken,2023-03-01,G,555017.85800925,499650.8925784002,11.081130095682195,-6.02743274814335,1
Three Forks,2023-03-01,G,365558.3884480702,349550.30840379995,4.57962120456142,-9.337760648262442,2
Middle Bakken / Three Forks Shale,2023-03-01,G,612.62801,557.55734,9.877131202326215,88.73031187844646,3
Bakken,2023-03-01,O,1383148.197622,1264922.0039709997,9.34652043998365,-14.775101914325987,1
Three Forks,2023-03-01,O,956519.0722210002,875353.6109110005,9.27230553439186,-15.559013449063851,2
Middle Bakken / Three Forks Shale,2023-03-01,O,3784.5451,3454.5698999999995,9.551846092331214,-12.363428848300138,3
Duperow,2023-03-01,O,891.354,814.27802,9.465560669315385,-13.0186920903817,4
Bakken,2023-04-01,G,518779.37576827,555017.85800925,-6.529246170737819,-11.79016696158258,1
Three Forks,2023-04-01,G,344636.1224076799,365558.3884480702,-5.723371888472595,-10.435426040834722,2
Middle Bakken / Three Forks Shale,2023-04-01,G,601.28532,612.62801,-1.8514808031712526,84.73981743217117,3
Bakken,2023-04-01,O,1322757.1438650005,1383148.197622,-4.366202686077157,-14.558928651928854,1
Three Forks,2023-04-01,O,914168.8494109999,956519.0722210002,-4.427535638329168,-15.324788419965943,2
Middle Bakken / Three Forks Shale,2023-04-01,O,3625.624,3784.5451,-4.19921274025774,-12.238907273186316,3
Duperow,2023-04-01,O,853.255,891.354,-4.274283842334251,-12.92427976478662,4
Bakken,2023-05-01,G,518008.50036112976,518779.37576827,-0.14859407354015042,-17.61701970846673,1
Three Forks,2023-05-01,G,334370.58095107,344636.1224076799,-2.9786609090461225,-16.776638084290095,2
Middle Bakken / Three Forks Shale,2023-05-01,G,303.40899,601.28532,-49.53993056075275,-4.910860647485191,3
Bakken,2023-05-01,O,1350446.3561990003,1322757.1438650005,2.093295240356362,-14.342379703627351,1
Three Forks,2023-05-01,O,932700.9724759996,914168.8494109999,2.027210080166259,-15.090292605317469,2
Middle Bakken / Three Forks Shale,2023-05-01,O,3707.9381000000003,3625.624,2.270342980959981,-12.11283999038724,3
Duperow,2023-05-01,O,871.90002,853.255,2.1851638724648605,-12.828304056148207,4
Bakken,2023-06-01,G,509530.08155205025,518008.50036112976,-1.6367335291155984,-9.053474348072351,1
Three Forks,2023-06-01,G,328263.56127474,334370.58095107,-1.8264225455958107,-14.811893290728872,2
Middle Bakken / Three Forks Shale,2023-06-01,G,580.0906600000001,303.40899,91.19099272569348,81.27719826751084,3
Bakken,2023-06-01,O,1291917.4557249993,1350446.3561990003,-4.334041126871403,-14.139115170431099,1
Three Forks,2023-06-01,O,891731.125552,932700.9724759996,-4.392602573924501,-14.87031178516163,2
Middle Bakken / Three Forks Shale,2023-06-01,O,3552.9570999999996,3707.9381000000003,-4.179708393729676,-11.993304871134036,3
Duperow,2023-06-01,O,834.76801,871.90002,-4.258746318184514,-12.73657638650539,4
Bakken,2023-07-01,G,536516.01943899,509530.08155205025,5.296240372058011,-8.0612595510807,1
Three Forks,2023-07-01,G,360945.0231233002,328263.56127474,9.955860382934043,-8.155532717506347,2
Middle Bakken / Three Forks Shale,2023-07-01,G,286.19367,580.0906600000001,-50.6639755241017,-8.792824341419909,3
Bakken,2023-07-01,O,1319406.1934189992,1291917.4557249993,2.127747215751779,-13.935279682109078,1
Three Forks,2023-07-01,O,910141.8133720002,891731.125552,2.0646007851978507,-14.649848979608345,2
Middle Bakken / Three Forks Shale,2023-07-01,O,3634.3719,3552.9570999999996,2.2914658890759045,-11.872242182304975,3
Duperow,2023-07-01,O,853.15002,834.76801,2.202050124081784,-12.643296246301514,4
Bakken,2023-08-01,G,512309.8257304097,536516.01943899,-4.511737363199636,-15.615429400858687,1
Three Forks,2023-08-01,G,350689.82962141995,360945.0231233002,-2.841206512044651,-8.362092233091204,2
Middle Bakken / Three Forks Shale,2023-08-01,G,296.87533,286.19367,3.7323187476508557,-8.69850763013605,3
Bakken,2023-08-01,O,1304226.7400249997,1319406.1934189992,-1.1504761361370237,-13.737467366108605,1
Three Forks,2023-08-01,O,899127.0626410001,910141.8133720002,-1.2102235683680276,-14.436034321688565,2
Middle Bakken / Three Forks Shale,2023-08-01,O,3598.0950000000003,3634.3719,-0.9981614704868217,-11.753563199176037,3
Duperow,2023-08-01,O,843.88,853.15002,-1.086563884743277,-12.551295336787566,4
Bakken,2023-09-01,G,452325.65595522005,512309.8257304097,-11.708572969427065,-15.861007384806724,1
Three Forks,2023-09-01,G,298011.9407605301,350689.82962141995,-15.021219439912805,-13.509515850465178,2
Middle Bakken / Three Forks Shale,2023-09-01,G,580.11199,296.87533,95.40592679088557,-6.538919830706988,3
Bakken,2023-09-01,O,1248289.4493969996,1304226.7400249997,-4.28892376696156,-13.551515854599744,1
Three Forks,2023-09-01,O,860071.7725880002,899127.0626410001,-4.343689749286728,-14.235162205593173,2
Middle Bakken / Three Forks Shale,2023-09-01,O,3448.7129000000004,3598.0950000000003,-4.151699718879012,-11.640998105823945,3
Duperow,2023-09-01,O,808.13098,843.88,-4.236268189790014,-12.463576858068084,4
Bakken,2023-10-01,G,530001.5570256101,452325.65595522005,17.17256141625536,-12.972406550967225,1
Three Forks,2023-10-01,G,326332.9515178899,298011.9407605301,9.503314090396588,-11.221874934262853,2
Middle Bakken / Three Forks Shale,2023-10-01,G,595.24982,580.11199,2.609466837601479,86.0388177885105,3
Bakken,2023-10-01,O,1275453.8233210011,1248289.4493969996,2.176127815317485,-13.364776491180288,1
Three Forks,2023-10-01,O,878279.584869,860071.7725880002,2.117010796228273,-14.033558781555602,2
Middle Bakken / Three Forks Shale,2023-10-01,O,3528.7851,3448.7129000000004,2.321799532805401,-11.526850478216597,3
Duperow,2023-10-01,O,826.12598,808.13098,2.226742996537517,-12.374153842133031,4
Bakken,2023-11-01,G,492016.06928872026,530001.5570256101,-7.167052102651534,-7.085246053432684,1
Three Forks,2023-11-01,G,341137.28324222006,326332.9515178899,4.536572741266232,-2.3761654196258455,2
Middle Bakken / Three Forks Shale,2023-11-01,G,560.10331,595.24982,-5.904497375572501,82.30284662536508,3
Bakken,2023-11-01,O,1221106.2836460012,1275453.8233210011,-4.261035459009473,-13.189072821816545,1
Three Forks,2023-11-01,O,840394.9105969993,878279.584869,-4.313509607268324,-13.843990940888162,2
Middle Bakken / Three Forks Shale,2023-11-01,O,3382.9039000000002,3528.7851,-4.134034685195191,-11.41860960134859,3
Duperow,2023-11-01,O,791.24902,826.12598,-4.221748358525179,-12.288878237047395,4
Bakken,2023-12-01,G,498201.5265715101,492016.06928872026,1.257165704309583,-10.727400194036425,1
Three Forks,2023-12-01,G,324723.91669802985,341137.28324222006,-4.811366962940874,-11.453317333281325,2
Middle Bakken / Three Forks Shale,2023-12-01,G,276.34284,560.10331,-50.66216623501118,-55.88630219108125,3
Bakken,2023-12-01,O,1248044.6526340009,1221106.2836460012,2.206062596579763,-13.012471545248246,1
Three Forks,2023-12-01,O,858458.1763960002,840394.9105969993,2.1493782948029856,-13.653568984968478,2
Middle Bakken / Three Forks Shale,2023-12-01,O,3462.0959000000003,3382.9039000000002,2.3409473736454647,-11.308744128946232,3
Duperow,2023-12-01,O,808.99103,791.24902,2.2422789225066024,-12.20199014574164,4
Bakken,2024-01-01,G,471637.18859414983,498201.5265715101,-5.332046684033463,-13.653225351379753,1
Three Forks,2024-01-01,G,318342.8058122502,324723.91669802985,-1.9650880510023054,-18.105320717760012,2
Middle Bakken / Three Forks Shale,2024-01-01,G,583.214,276.34284,111.0472628854795,-8.158071345639181,3
Bakken,2024-01-01,O,1234606.1478189998,1248044.6526340009,-1.0767647444856279,-12.840696149950626,1
Three Forks,2024-01-01,O,848753.4030349999,858458.1763960002,-1.1304887795166867,-13.468467971017823,2
Middle Bakken / Three Forks Shale,2024-01-01,O,3429.1620000000003,3462.0959000000003,-0.9512705872763372,-11.201059632831525,3
Duperow,2024-01-01,O,800.51099,808.99103,-1.0482242306197178,-12.116357486998398,4
Bakken,2024-02-01,G,464256.71041965974,471637.18859414983,-1.564863491042709,-7.083782433789362,1
Three Forks,2024-02-01,G,298162.2152859901,318342.8058122502,-6.339263887170123,-14.70120090938281,2
Middle Bakken / Three Forks Shale,2024-02-01,G,542.15599,583.214,-7.039956173891586,-2.7622898839426955,3
Bakken,2024-02-01,O,1143460.3843409992,1234606.1478189998,-7.382578131415811,-9.602301110162777,1
Three Forks,2024-02-01,O,785702.071673,848753.4030349999,-7.428698504953131,-10.241751232932954,2
Middle Bakken / Three Forks Shale,2024-02-01,O,3179.63,3429.1620000000003,-7.276763244197857,-7.958730260458746,3
Duperow,2024-02-01,O,741.57001,800.51099,-7.362919527188498,-8.929138232172832,4
Bakken,2024-03-01,G,496245.80985394027,464256.71041965974,6.890390319908213,-10.589217501237634,1
Three Forks,2024-03-01,G,340744.73713847005,298162.2152859901,14.28166268876015,-6.787876326663773,2
Middle Bakken / Three Forks Shale,2024-03-01,G,563.5425,542.15599,3.944715246990086,-8.01228628119697,3
Bakken,2024-03-01,O,1209480.0165169993,1143460.3843409992,5.773670262660537,-12.556006753548354,1
Three Forks,2024-03-01,O,830632.1488650008,785702.071673,5.718462355117753,-13.160942318033959,2
Middle Bakken / Three Forks Shale,2024-03-01,O,3367.1681,3179.63,5.898110786475148,-11.028458876074696,3
Duperow,2024-03-01,O,784.51801,741.57001,5.791496341660308,-11.985809229554143,4
Bakken,2024-04-01,G,501497.2257169002,496245.80985394027,1.058228756532085,-3.33131015969483,1
Three Forks,2024-04-01,G,304235.19747757993,340744.73713847005,-10.71463053765481,-11.722777243387323,2
Middle Bakken / Three Forks Shale,2024-04-01,G,260.45349,563.5425,-53.782813186228196,-56.683876799120924,3
Bakken,2024-04-01,O,1158710.0797709993,1209480.0165169993,-4.19766643951711,-12.401903467681722,1
Three Forks,2024-04-01,O,795370.9171399995,830632.1488650008,-4.245107990725293,-12.995184899107217,2
Middle Bakken / Three Forks Shale,2024-04-01,O,3229.3590000000004,3367.1681,-4.092730030318341,-10.92956688283174,3
Duperow,2024-04-01,O,751.66602,784.51801,-4.187538027329672,-11.906051532074233,4
Bakken,2024-05-01,G,509263.16402821994,501497.2257169002,1.5485506026914062,-1.6882611630529243,1
Three Forks,2024-05-01,G,324342.6851468701,304235.19747757993,6.609191781885114,-2.9990365108308805,2
Middle Bakken / Three Forks Shale,2024-05-01,G,279.35183,260.45349,7.255936558961072,-7.928954247532352,3
Bakken,2024-05-01,O,1185061.214808999,1158710.0797709993,2.274178459136881,-12.246702035281007,1
Three Forks,2024-05-01,O,813050.8192790002,795370.9171399995,2.2228499632063783,-12.828350857120856,2
Middle Bakken / Three Forks Shale,2024-05-01,O,3306.3979,3229.3590000000004,2.3855786860488273,-10.829204511261942,3
Duperow,2024-05-01,O,768.80103,751.66602,2.279604178462127,-11.824634434576579,4
Bakken,2024-06-01,G,450394.7270066501,509263.16402821994,-11.559531727354175,-11.605861299743351,1
Three Forks,2024-06-01,G,305890.68052821007,324342.6851468701,-5.689046019429886,-6.815523678488621,2
Middle Bakken / Three Forks Shale,2024-06-01,G,268.63466,279.35183,-3.836441665694479,-53.690917898936696,3
Bakken,2024-06-01,O,1135591.8731219994,1185061.214808999,-4.174412348392722,-12.100276369071347,1
Three Forks,2024-06-01,O,778739.5388320002,813050.8192790002,-4.2200659089706845,-12.671037657237283,2
Middle Bakken / Three Forks Shale,2024-06-01,O,3171.59,3306.3979,-4.0771832089537625,-10.733794111952534,3
Duperow,2024-06-01,O,736.70801,768.80103,-4.174424688270777,-11.746976264698986,4
Bakken,2024-07-01,G,471700.6872932201,450394.7270066501,4.730508376101697,-12.080782268821041,1
Three Forks,2024-07-01,G,296942.06417568994,305890.68052821007,-2.925429547924675,-17.732051932392658,2
Middle Bakken / Three Forks Shale,2024-07-01,G,561.12016,268.63466,108.87854158506578,96.06309252052992,3
Bakken,2024-07-01,O,1161701.3918120007,1135591.8731219994,2.2991991496223227,-11.952710423340934,1
Three Forks,2024-07-01,O,796259.4323719997,778739.5388320002,2.249775780779909,-12.512597413591592,2
Middle Bakken / Three Forks Shale,2024-07-01,O,3247.7839999999997,3171.59,2.402391229635593,-10.636993423815555,3
Duperow,2024-07-01,O,753.60699,736.70801,2.293850449651016,-11.667705288221178,4
Bakken,2024-08-01,G,441695.79706622974,471700.6872932201,-6.361002015741944,-13.783461709621559,1
Three Forks,2024-08-01,G,311958.7285194304,296942.06417568994,5.057102430208616,-11.04426129032625,2
Middle Bakken / Three Forks Shale,2024-08-01,G,545.80817,561.12016,-2.7288254979111843,83.85096868776533,3
Bakken,2024-08-01,O,1150213.2035969994,1161701.3918120007,-0.9889106009490259,-11.808800701712967,1
Three Forks,2024-08-01,O,788011.3867219996,796259.4323719997,-1.0358490354619432,-12.358172780676977,2
Middle Bakken / Three Forks Shale,2024-08-01,O,3218.7871,3247.7839999999997,-0.8928210743078863,-10.541908982392076,3
Duperow,2024-08-01,O,746.078,753.60699,-0.9990605315378008,-11.589562497037496,4
Bakken,2024-09-01,G,446498.7188140999,441695.79706622974,1.0873822616768054,-1.2882172533005747,1
Three Forks,2024-09-01,G,290693.8516997998,311958.7285194304,-6.816567345480149,-2.4556361876153177,2
Middle Bakken / Three Forks Shale,2024-09-01,G,252.26233000000002,545.80817,-53.781869919609306,-56.51489120230043,3
Bakken,2024-09-01,O,1102578.0931990002,1150213.2035969994,-4.141415717454162,-11.67288214030703,1
Three Forks,2024-09-01,O,755036.2930560001,788011.3867219996,-4.184596088537572,-12.212408647704235,2
Middle Bakken / Three Forks Shale,2024-09-01,O,3088.2709999999997,3218.7871,-4.054822389464661,-10.451490467646659,3
Duperow,2024-09-01,O,715.07599,746.078,-4.155330943949551,-11.514840081987696,4
Bakken,2024-10-01,G,433425.64744592,446498.7188140999,-2.9279079238798236,-18.221816200253823,1
Three Forks,2024-10-01,G,295664.19295987,290693.8516997998,1.7098198778565974,-9.397996253632586,2
Middle Bakken / Three Forks Shale,2024-10-01,G,270.64684,252.26233000000002,7.28785387814343,-54.53222648601557,3
Bakken,2024-10-01,O,1128320.3936490004,1102578.0931990002,2.334737159098814,-11.53577079638192,1
Three Forks,2024-10-01,O,772311.193426,755036.2930560001,2.287956291488965,-12.065450827802835,2
Middle Bakken / Three Forks Shale,2024-10-01,O,3163.2138999999997,3088.2709999999997,2.426694418980718,-10.359690081439085,3
Duperow,2024-10-01,O,731.62701,715.07599,2.3145819789026887,-11.438808642720568,4
Bakken,2024-11-01,G,436352.5294181902,433425.64744592,0.6752904424363582,-11.313358108608059,1
Three Forks,2024-11-01,G,277932.3489446799,295664.19295987,-5.997291669876575,-18.52771227373067,2
Middle Bakken / Three Forks Shale,2024-11-01,G,518.6229999999999,270.64684,91.62351941740755,-7.405831970534156,3
Bakken,2024-11-01,O,1081824.54959,1128320.3936490004,-4.120801531259435,-11.406192558450472,1
Three Forks,2024-11-01,O,740163.9783629999,772311.193426,-4.16246913635861,-11.92664674311241,2
Middle Bakken / Three Forks Shale,2024-11-01,O,3035.4021000000002,3163.2138999999997,-4.040567727651914,-10.272292984734209,3
Duperow,2024-11-01,O,701.315,731.62701,-4.14309608389116,-11.36608295578046,4
Bakken,2024-12-01,G,459203.1632884898,436352.5294181902,5.2367368881228815,-7.82782894131149,1
Three Forks,2024-12-01,G,282281.67885072017,277932.3489446799,1.564887974557426,-13.070253118059652,2
Middle Bakken / Three Forks Shale,2024-12-01,G,544.10849,518.6229999999999,4.914068600891212,96.89617795054865,3
Bakken,2024-12-01,O,1107322.708298,1081824.54959,2.356958780207347,-11.275393395501263,1
Three Forks,2024-12-01,O,757275.0562340001,740163.9783629999,2.3117955441231244,-11.786610337476136,2
Middle Bakken / Three Forks Shale,2024-12-01,O,3109.529,3035.4021000000002,2.4420784317174893,-10.183626051490954,3
Duperow,2024-12-01,O,717.64099,701.315,2.3279111383614968,-11.291848316290977,4
Bakken,2025-01-01,G,455514.0489629398,459203.1632884898,-0.8033730210243191,-3.418547141982095,1
Three Forks,2025-01-01,G,307902.3303947301,282281.67885072017,9.076271491767256,-3.2796329073249417,2
Middle Bakken / Three Forks Shale,2025-01-01,G,254.3365,544.10849,-53.256289016920135,-56.39053589248544,3
Bakken,2025-01-01,O,1096976.7444329993,1107322.708298,-0.9343223784241652,-11.147636323464816,1
Three Forks,2025-01-01,O,749874.424872,757275.0562340001,-0.9772712439261059,-11.649906534621858,2
Middle Bakken / Three Forks Shale,2025-01-01,O,3082.938,3109.529,-0.8551455863572874,-10.096460884612629,3
Duperow,2025-01-01,O,710.70502,717.64099,-0.9664957961779744,-11.218580521923878,4
Bakken,2025-02-01,G,403940.05493232043,455514.0489629398,-11.322152225169987,-12.992091257618382,1
Three Forks,2025-02-01,G,248889.33446644005,307902.3303947301,-19.166141371075533,-16.52552814993297,2
Middle Bakken / Three Forks Shale,2025-02-01,G,228.469327,254.3365,-10.170452530407553,-57.85911597140151,3
Bakken,2025-02-01,O,982540.4058409997,1096976.7444329993,-10.431974895798632,-14.073069841657974,1
Three Forks,2025-02-01,O,671388.997033,749874.424872,-10.466476150643103,-14.549162941188701,2
Middle Bakken / Three Forks Shale,2025-02-01,O,2763.2470000000003,3082.938,-10.369686318699884,-13.095328701767182,3
Duperow,2025-02-01,O,636.35602,710.70502,-10.46130221508778,-14.188004986879132,4
Bakken,2025-03-01,G,462604.0267073498,403940.05493232043,14.522939990404874,-6.779257875546038,1
Three Forks,2025-03-01,G,283846.0325200001,248889.33446644005,14.045076752083,-16.698337029736056,2
Middle Bakken / Three Forks Shale,2025-03-01,G,523.4288300000001,228.469327,129.10245190156314,-7.118126849350308,3
Bakken,2025-03-01,O,1077860.4578740008,982540.4058409997,9.701387491684116,-10.882326028174493,1
Three Forks,2025-03-01,O,736214.0174520005,671388.997033,9.655359367739871,-11.36702107449319,2
Middle Bakken / Three Forks Shale,2025-03-01,O,3033.5690999999997,2763.2470000000003,9.782770052767608,-9.90740557324715,3
Duperow,2025-03-01,O,697.81201,636.35602,9.657485443447216,-11.052136330178069,4
Bakken,2025-04-01,G,446560.84520747,462604.0267073498,-3.468015964770009,-10.954473463117877,1
Three Forks,2025-04-01,G,293644.0578763098,283846.0325200001,3.4518803272754153,-3.481234153405488,2
Middle Bakken / Three Forks Shale,2025-04-01,G,503.65834,523.4288300000001,-3.777111398315612,93.37745867793902,3
Bakken,2025-04-01,O,1033952.5321480003,1077860.4578740008,-4.073618751411065,-10.766933834532216,1
Three Forks,2025-04-01,O,705941.4653270001,736214.0174520005,-4.111922811490627,-11.243741741849249,2
Middle Bakken / Three Forks Shale,2025-04-01,O,2912.0,3033.5690999999997,-4.0074610464617315,-9.827306285860455,3
Duperow,2025-04-01,O,669.10199,697.81201,-4.114291469417385,-10.984137609413287,4
Bakken,2025-05-01,G,401035.62247748015,446560.84520747,-10.194629291522201,-21.25179066451045,1
Three Forks,2025-05-01,G,296183.42023771035,293644.0578763098,0.8647756674409552,-8.681948506533624,2
Middle Bakken / Three Forks Shale,2025-05-01,G,248.51867,503.65834,-50.65729081345104,-11.037393239915422,3
Bakken,2025-05-01,O,1058848.692031,1033952.5321480003,2.4078629442764474,-10.650295630368868,1
Three Forks,2025-05-01,O,722646.098994,705941.4653270001,2.3662916102062503,-11.119196751461311,2
Middle Bakken / Three Forks Shale,2025-05-01,O,2984.161,2912.0,2.4780563186813205,-9.745859686155738,3
Duperow,2025-05-01,O,684.89001,669.10199,2.3595834769524386,-10.914530122312662,4
Bakken,2025-06-01,G,417480.57386392984,401035.62247748015,4.100621108134387,-7.307846022414536,1
Three Forks,2025-06-01,G,275509.27594688,296183.42023771035,-6.980182845561625,-9.93211186717675,2
Middle Bakken / Three Forks Shale,2025-06-01,G,239.14500099999998,248.51867,-3.77181682164966,-10.977607654946691,3
Bakken,2025-06-01,O,1015902.1764090004,1058848.692031,-4.055963420006971,-10.539851468287187,1
Three Forks,2025-06-01,O,693067.856521,722646.098994,-4.093046722894653,-11.001326892878158,2
Middle Bakken / Three Forks Shale,2025-06-01,O,2864.9499,2984.161,-3.994794516783779,-9.66833985477316,3
Duperow,2025-06-01,O,656.789,684.89001,-4.102996041656379,-10.848125568771808,4
Bakken,2025-07-01,G,431057.5626736403,417480.57386392984,3.2521246878748555,-8.61629539969592,1
Three Forks,2025-07-01,G,275725.52880495024,275509.27594688,0.07849204253723355,-7.145008380552861,2
Middle Bakken / Three Forks Shale,2025-07-01,G,511.56384,239.14500099999998,113.91366654576235,-8.831676979846888,3
Bakken,2025-07-01,O,1040557.3997760008,1015902.1764090004,2.4269288854317996,-10.428152440020899,1
Three Forks,2025-07-01,O,709609.0806799993,693067.856521,2.386667337601174,-10.882175854906388,2
Middle Bakken / Three Forks Shale,2025-07-01,O,2936.3379999999997,2864.9499,2.4917748125368497,-9.589492404667304,3
Duperow,2025-07-01,O,672.36603,656.789,2.371694714740965,-10.780282173338119,4
Bakken,2025-08-01,G,436045.2624873298,431057.5626736403,1.157084400225617,-1.2792819439150571,1
Three Forks,2025-08-01,G,283020.6710351701,275725.52880495024,2.6457986178640978,-9.276245489780512,2
Middle Bakken / Three Forks Shale,2025-08-01,G,508.65599,511.56384,-0.5684236790465982,-6.8068200591427654,3
Bakken,2025-08-01,O,1031524.5014140005,1040557.3997760008,-0.8680826606917349,-10.31884365540494,1
Three Forks,2025-08-01,O,703176.952784,709609.0806799993,-0.9064325797290553,-10.76563554378284,2
Middle Bakken / Three Forks Shale,2025-08-01,O,2912.617,2936.3379999999997,-0.807842966306997,-9.511971139687985,3
Duperow,2025-08-01,O,666.14801,672.36603,-0.9247968699430018,-10.713355708116307,4
Bakken,2025-09-01,G,407670.21506109013,436045.2624873298,-6.5073628513654915,-8.696218402627949,1
Three Forks,2025-09-01,G,278404.6812049801,283020.6710351701,-1.6309726824216144,-4.227530242886166,2
Middle Bakken / Three Forks Shale,2025-09-01,G,500.09198,508.65599,-1.6836546051487562,98.24282920085608,3
Bakken,2025-09-01,O,989946.8437670006,1031524.5014140005,-4.030699958169274,-10.215262767031163,1
Three Forks,2025-09-01,O,674585.2798740005,703176.952784,-4.066070822827752,-10.655251134534897,2
Middle Bakken / Three Forks Shale,2025-09-01,O,2796.798,2912.617,-3.9764582847659136,-9.438064211333783,3
Duperow,2025-09-01,O,638.92499,666.14801,-4.086632338659996,-10.649357699732033,4
Bakken,2025-10-01,G,414642.92734436,407670.21506109013,1.7103806031610571,-4.333550682162524,1
Three Forks,2025-10-01,G,276766.2016380501,278404.6812049801,-0.5885244313559794,-6.39170781305428,2
Middle Bakken / Three Forks Shale,2025-10-01,G,241.56949,500.09198,-51.69498818997257,-10.743650286107163,3
Bakken,2025-10-01,O,1014242.3375249989,989946.8437670006,2.4542220535344885,-10.110431112130467,1
Three Forks,2025-10-01,O,690881.8758240001,674585.2798740005,2.4157947758723,-10.54358894382671,2
Middle Bakken / Three Forks Shale,2025-10-01,O,2867.0439,2796.798,2.5116543990663738,-9.362945705315711,3
Duperow,2025-10-01,O,654.19098,638.92499,2.389324292981558,-10.5840857351617,4
Bakken,2025-11-01,G,414033.8307048299,414642.92734436,-0.1468966668335909,-5.11483197842783,1
Three Forks,2025-11-01,G,260948.18399829982,276766.2016380501,-5.715299608886777,-6.110898933092753,2
Middle Bakken / Three Forks Shale,2025-11-01,G,494.62834,241.56949,104.75613042027783,-4.626609309652668,3
Bakken,2025-11-01,O,973522.6293929997,1014242.3375249989,-4.014790807428268,-10.011042940192617,1
Three Forks,2025-11-01,O,662907.3105459996,690881.8758240001,-4.0491097330691845,-10.437777313598364,2
Middle Bakken / Three Forks Shale,2025-11-01,O,2753.372,2867.0439,-3.9647771002041607,-9.291358795594178,3
Duperow,2025-11-01,O,627.526,654.19098,-4.0760237935411485,-10.521520286889642,4
Bakken,2025-12-01,G,444096.9372765599,414033.8307048299,7.26102659788745,-3.289660703499898,1
Three Forks,2025-12-01,G,270131.75627142994,260948.18399829982,3.519308750272796,-4.304183901965351,2
Middle Bakken / Three Forks Shale,2025-12-01,G,249.632337,494.62834,-49.531331544812005,-54.12085244249726,3
Bakken,2025-12-01,O,997582.4366420012,973522.6293929997,2.4714173582182646,-9.910414627428182,1
Three Forks,2025-12-01,O,679043.3186859998,662907.3105459996,2.4341273483181167,-10.33068987338023,2
Middle Bakken / Three Forks Shale,2025-12-01,O,2822.876,2753.372,2.5243229029713516,-9.218534382538314,3
Duperow,2025-12-01,O,642.59198,627.526,2.40085351045217,-10.457737370882333,4
