api_number,well_name,operator,first_production_month,last_production_month,cumulative_oil_bbl,cumulative_gas_mcf,peak_oil_month,peak_oil_production,well_length_ft,active_months,shale_play,basin
33-053-04379-0000,ROCHESTER 4-24H,DENBURY RESOURCES,2018-01-01,2023-12-01,14582.2,73987.43,2018-01-01,485.59,25490.083438270656,72,"Permian Basin, US",Permian
33-053-04599-0000,BRODERSON  30-31 3H,BURLINGTON RESOURCES,2018-01-01,2023-12-01,17987.53,81280.88,2018-03-01,564.54,26360.567031655446,72,"Eagle Ford, US",Gulf Coast
33-053-04732-0000,WAHPETON 12-16H3,BURLINGTON RESOURCES,2018-01-01,2023-12-01,10266.29,68355.10999999999,2018-01-01,825.56,25709.763658907876,72,"Eagle Ford, US",Gulf Coast
33-053-04738-0000,ROLLEFSTAD FEDERAL 13-3H,CONOCO PHILLIPS,2018-01-01,2023-12-01,5689.69,30141.489999999998,2018-01-01,329.7,26020.122895407316,72,"Bakken Shale, US",Williston
33-053-04805-0000,LAWLAR 2-5-8TH,QEP ENERGY COMPANY,2018-01-01,2023-12-01,5998.0199999999995,47180.76000000001,2018-02-01,352.56,25959.54296381198,72,"Bakken Shale, US",Williston
33-053-04822-0000,SAND CREEK STATE 153-96-16-2H,PETRO SHALE,2018-01-01,2023-12-01,33441.35,161829.24000000002,2018-01-01,993.09,18621.236625197584,72,"Bakken Shale, US",Williston
33-053-05020-0000,BW-JOHNSON 149-99-1003H-3,STATOIL OIL & GAS,2018-01-01,2023-12-01,6790.42,34014.009999999995,2018-01-01,227.62,24933.988084732857,72,"Bakken Shale, US",Williston
33-053-05066-0000,AKRON 6-34H1,EXXONMOBIL,2018-01-01,2023-12-01,9128.14,23948.979999999996,2018-01-01,545.47,26146.783875872763,72,"Permian Basin, US",Permian
33-053-05089-0000,HOLM 150-98-5-8-10H,BURLINGTON RESOURCES,2018-01-01,2023-12-01,5975.280000000001,36994.509999999995,2018-01-01,362.52,25648.49737641759,72,"Eagle Ford, US",Gulf Coast
33-053-05233-0000,CAPER 3-15-22H,PETRO SHALE,2018-01-01,2023-12-01,11705.390000000001,41269.72999999999,2018-01-01,581.95,25885.27621411253,72,"Bakken Shale, US",Williston
33-053-05236-0000,VAN HISE TRUST  153-95-28D-21-5H,MARATHON OIL,2018-01-01,2023-12-01,11284.140000000001,47683.55,2018-01-01,822.27,24362.914979585265,72,"Bakken Shale, US",Williston
33-053-05252-0000,RINK 13X-4E,KODIAK OIL & GAS,2018-01-01,2023-12-01,7679.629999999999,43846.95999999999,2018-02-01,402.96,25983.98590467598,72,"Eagle Ford, US",Gulf Coast
33-053-05465-0000,LUCY 14X-32F,EXXONMOBIL,2018-01-01,2023-12-01,12087.590000000002,45805.9,2018-01-01,623.34,25095.0278581256,72,"Permian Basin, US",Permian
33-053-05499-0000,DENALI 21-4MBH 3NH,DENBURY RESOURCES,2018-01-01,2023-12-01,6846.31,19856.84,2018-01-01,382.78,25587.517014270845,72,"Permian Basin, US",Permian
33-053-05652-0000,HOLSTEIN FEDERAL 1-25H,EMERALD BAY ENERGY,2018-01-01,2023-12-01,22617.320000000003,129724.20999999999,2018-01-01,785.86,26389.032440013787,72,"Permian Basin, US",Permian
33-053-05810-0000,MOBERG 2-18BH,STATOIL OIL & GAS,2018-01-01,2023-12-01,5630.2300000000005,25254.040000000005,2018-01-01,377.63,19859.782771712282,72,"Bakken Shale, US",Williston
33-053-05811-0000,MOBERG 3-18TH,DENBURY RESOURCES,2018-01-01,2023-12-01,18691.769999999997,67771.28,2018-02-01,588.08,20125.77742697161,72,"Permian Basin, US",Permian
33-053-05823-0000,GILBERTSON  34X-26G,WHITING PETROLEUM,2018-01-01,2023-12-01,10716.030000000002,46923.11999999999,2018-01-01,618.95,19181.53547502389,72,"Eagle Ford, US",Gulf Coast
33-053-05841-0000,HA-ROLFSRUD- 152-96-1720H-6,STATOIL OIL & GAS,2018-01-01,2023-12-01,7066.0599999999995,39688.23999999999,2018-01-01,547.76,23626.259883858045,72,"Bakken Shale, US",Williston
33-053-05855-0000,DALLAS 2X-13H,KODIAK OIL & GAS,2018-01-01,2023-12-01,7406.699999999999,29581.159999999996,2018-01-01,448.22,26316.33485594071,72,"Eagle Ford, US",Gulf Coast
33-053-05957-0000,TAT 4-35-26TH,OASIS PETROLEUM,2018-01-01,2023-12-01,5902.050000000001,42150.229999999996,2018-01-01,379.26,26007.17479443125,72,"Eagle Ford, US",Gulf Coast
33-053-06006-0000,WILEY  5-25H,CONTINENTAL RESOURCES,2018-01-01,2023-12-01,11161.3,41674.93,2018-01-01,666.49,24676.262411345848,72,"Permian Basin, US",Permian
33-053-06064-0000,SAND CREEK FEDERAL 153-96-21-28-2H,XTO ENERGY INC,2018-01-01,2023-12-01,7567.779999999999,28137.719999999998,2018-01-01,543.62,24685.649503760276,72,"Bakken Shale, US",Williston
33-053-06190-0000,J GARVIN JACOBSON 150-101-8-5-6H,DENBURY RESOURCES,2018-01-01,2023-12-01,9889.03,35747.03,2018-01-01,673.95,24608.808332873414,72,"Permian Basin, US",Permian
33-053-06306-0000,KOALA 13-31-25-1H,PETRO HUNT,2018-01-01,2023-12-01,8195.099999999999,33429.96000000001,2018-01-01,745.74,25578.648111315422,72,"Permian Basin, US",Permian
33-053-06328-0000,PATENT GATE 7-6 #2H,KODIAK OIL & GAS,2018-01-01,2023-12-01,7064.16,25577.73,2018-01-01,490.1,25228.566759798305,72,"Eagle Ford, US",Gulf Coast
33-053-06443-0000,BW-ARNEGARD STATE- 151-100-3625H-8,PETRO SHALE,2018-01-01,2023-12-01,5707.960000000001,40705.799999999996,2018-01-01,422.11,25817.305577943254,72,"Bakken Shale, US",Williston
33-053-06473-0000,LEE 151-101-8-5-10TFH,DENBURY RESOURCES,2018-01-01,2023-12-01,6312.449999999999,22815.84,2018-01-01,599.28,25589.9834405261,72,"Permian Basin, US",Permian
33-053-06915-0000,STENEHJEM 13H,ENERPLUS RESOURCES,2018-01-01,2023-12-01,8582.23,28594.39,2018-01-01,544.11,25934.167597840886,72,"Eagle Ford, US",Gulf Coast
33-053-06941-0000,HARLEY FEDERAL 24X-15A,EXXONMOBIL,2018-01-01,2023-12-01,8426.07,44455.33,2018-01-01,537.26,24975.895690206988,72,"Permian Basin, US",Permian
33-053-06984-0000,JOHNSRUD  5198 14-18 13T,ENERPLUS RESOURCES,2018-01-01,2023-12-01,5827.26,23898.14,2018-01-01,201.66,25598.31399960747,72,"Eagle Ford, US",Gulf Coast
33-053-07016-0000,AN-EVENSON- LE-152-95-0310H-1,PETRO SHALE,2018-01-01,2023-12-01,31988.159999999996,149678.55000000002,2018-01-01,1246.7,25501.91894662047,72,"Bakken Shale, US",Williston
33-053-07140-0000,FOREMAN 6-2-1BH,EXXONMOBIL,2018-01-01,2023-12-01,5383.389999999999,27353.369999999995,2018-01-01,415.0,25041.64839293931,72,"Permian Basin, US",Permian
33-053-07321-0000,STENEHJEM 9H,WHITING PETROLEUM,2018-01-01,2023-12-01,12707.970000000001,35904.32,2018-02-01,467.34,25934.941551430187,72,"Eagle Ford, US",Gulf Coast
33-053-07856-0000,MATHISTAD 3NC-MTFH,QEP ENERGY COMPANY,2018-01-01,2023-12-01,14088.52,61012.92,2018-01-01,925.4,26156.446388766195,72,"Bakken Shale, US",Williston
33-053-07962-0000,CANYON 152-94-16A-21H-TF2,EMERALD BAY ENERGY,2018-01-01,2023-12-01,6353.339999999999,27791.2,2018-01-01,265.55,25027.538644079643,72,"Permian Basin, US",Permian
33-053-04853-0000,TALLAHASSEE 3-16H,KODIAK OIL & GAS,2018-01-01,2023-12-01,7570.07,33058.16,2018-02-01,328.5,22580.132994933843,72,"Eagle Ford, US",Gulf Coast
33-053-04974-0000,MARLENE 42X-20G,MARATHON OIL,2018-01-01,2023-12-01,17671.89,73840.75,2018-01-01,550.13,24973.078876744454,72,"Bakken Shale, US",Williston
33-053-05050-0000,KOALA WOLD 153-97-1-5-9-15H,BURLINGTON RESOURCES,2018-01-01,2023-12-01,7890.92,22973.550000000003,2018-01-01,485.25,25767.499404530896,72,"Eagle Ford, US",Gulf Coast
33-053-05151-0000,CAPITOL 14-7MBH,PRIMA EXPLORATION,2018-01-01,2023-12-01,7992.860000000001,18961.460000000003,2018-01-01,464.95,26108.62456847545,72,"Eagle Ford, US",Gulf Coast
33-053-05171-0000,LEFTY 5200 14-30 #2T,EXXONMOBIL,2018-01-01,2023-12-01,5018.18,25498.710000000003,2018-02-01,303.84,25681.258887959524,72,"Permian Basin, US",Permian
33-053-05399-0000,BB-BELQUIST- 150-95-1110H-4,HESS BAKKEN INVESTMENTS II,2018-01-01,2023-12-01,8465.14,36860.979999999996,2018-01-01,311.1,24569.53321445892,72,"Permian Basin, US",Permian
33-053-05922-0000,SIVERTSON RUSH 1-7-9MBH ULW,XTO ENERGY INC,2018-01-01,2023-12-01,5840.820000000001,23072.010000000002,2018-02-01,259.49,25773.58338347425,72,"Bakken Shale, US",Williston
33-053-05946-0000,GUNDER T. 21-30-2H,PETRO SHALE,2018-01-01,2023-12-01,18649.91,64155.7,2018-02-01,594.4,24775.610779926294,72,"Bakken Shale, US",Williston
33-053-05954-0000,WADE FEDERAL 5300 41-30 6B,WHITING PETROLEUM,2018-01-01,2023-12-01,9175.689999999999,56238.329999999994,2018-01-01,743.08,24966.1337004531,72,"Eagle Ford, US",Gulf Coast
33-053-05993-0000,BW-NORGARD- 149-100-1102H-3,CONTINENTAL RESOURCES,2018-01-01,2023-12-01,6401.43,32320.95,2018-02-01,251.57,26247.119661067576,72,"Permian Basin, US",Permian
33-053-06144-0000,JOHNSON FEDERAL 11X-5F,OASIS PETROLEUM,2018-01-01,2023-12-01,20894.35,115067.34000000001,2018-04-01,701.23,25564.18164199472,72,"Eagle Ford, US",Gulf Coast
33-053-06225-0000,KLINE FEDERAL 5300 11-18 3T,MARATHON OIL,2018-01-01,2023-12-01,10847.509999999998,39659.770000000004,2018-01-01,328.6,25436.140807984215,72,"Bakken Shale, US",Williston
33-053-06252-0000,P. LEVANG 2-14-23BH,WHITING PETROLEUM,2018-01-01,2023-12-01,6370.009999999999,37797.97000000001,2018-01-01,443.43,25865.148749282303,72,"Eagle Ford, US",Gulf Coast
33-053-06292-0000,EMMA OWNER 23-14HW,CONTINENTAL RESOURCES,2018-01-01,2023-12-01,3626.0700000000006,16896.100000000002,2018-01-01,347.24,25996.715960782432,72,"Permian Basin, US",Permian
33-053-06303-0000,RITA 44X-34G,PETRO HUNT,2018-01-01,2023-12-01,7304.269999999999,48520.16,2018-01-01,595.27,26011.859454864043,72,"Permian Basin, US",Permian
33-053-06337-0000,SATTER 31X-1CXD,EMERALD BAY ENERGY,2018-01-01,2023-12-01,7318.74,37679.75,2018-01-01,375.9,25415.421446484022,72,"Permian Basin, US",Permian
33-053-06430-0000,ETSTATIS 32-29HW,BURLINGTON RESOURCES,2018-01-01,2023-12-01,8500.45,39981.46,2018-02-01,313.52,26300.83898950944,72,"Eagle Ford, US",Gulf Coast
33-053-06498-0000,ARNEGARD 150-100-23-14-9TFH,KODIAK OIL & GAS,2018-01-01,2023-12-01,4892.939999999999,19293.839999999997,2018-01-01,410.14,25978.421863232958,72,"Eagle Ford, US",Gulf Coast
33-053-06500-0000,ARNEGARD 150-100-23-14-10TFH,PETRO HUNT,2018-01-01,2023-12-01,12358.99,48364.159999999996,2018-01-01,714.28,25589.31952597607,72,"Permian Basin, US",Permian
33-053-06532-0000,AN-PROSSER- 152-95-1102H-5,QEP ENERGY COMPANY,2018-01-01,2023-12-01,2402.93,14510.359999999999,2018-01-01,217.01,26337.338400073764,72,"Bakken Shale, US",Williston
33-053-06541-0000,STENEHJEM 31X-28CXD,PETRO HUNT,2018-01-01,2023-12-01,7179.009999999998,30653.420000000002,2018-02-01,512.68,25725.042861188784,72,"Permian Basin, US",Permian
33-053-06905-0000,RYAN 14X-9B,EMERALD BAY ENERGY,2018-01-01,2023-12-01,7244.5599999999995,37732.46000000001,2018-01-01,489.19,25286.91601733197,72,"Permian Basin, US",Permian
33-053-07116-0000,LUNDIN 11X-15A,MARATHON OIL,2018-01-01,2023-12-01,14322.76,59366.11,2018-01-01,726.75,26137.46902688935,72,"Bakken Shale, US",Williston
33-053-07124-0000,HA-SWENSON- 152-95-1819H-10,ENERPLUS RESOURCES,2018-01-01,2023-12-01,22369.81,83225.45000000001,2018-01-01,695.14,25123.40104690446,72,"Eagle Ford, US",Gulf Coast
33-053-07137-0000,AN-EVENSON- 152-95-0310H-11,PETRO SHALE,2018-01-01,2023-12-01,6735.240000000001,23020.46,2018-01-01,504.17,26084.23377498561,72,"Bakken Shale, US",Williston
33-053-07201-0000,CHAMELEON STATE 21-16-1TFH,HESS BAKKEN INVESTMENTS II,2018-01-01,2023-12-01,14368.630000000001,78677.36,2018-01-01,1102.49,25517.91754340663,72,"Permian Basin, US",Permian
33-053-07286-0000,SKAAR FEDERAL 153-96-30-4H,EMERALD BAY ENERGY,2018-01-01,2023-12-01,22027.87,118149.84,2018-01-01,1420.97,20016.47853953337,72,"Permian Basin, US",Permian
33-053-07320-0000,STENEHJEM 8H,MARATHON OIL,2018-01-01,2023-12-01,4850.7699999999995,19192.98,2018-01-01,369.03,26065.047140952956,72,"Bakken Shale, US",Williston
33-053-07637-0000,HA-GRIMESTAD- 152-95-3031H-7,MARATHON OIL,2018-01-01,2023-12-01,5527.2,23893.09,2018-01-01,450.12,25315.82808160934,72,"Bakken Shale, US",Williston
33-053-07652-0000,OYLOE 5199 42-23 3T,CONOCO PHILLIPS,2018-01-01,2023-12-01,17328.800000000003,49880.55999999999,2018-01-01,999.13,26460.491221005326,72,"Bakken Shale, US",Williston
33-053-04284-0000,RUBY 31-30HW,PETRO HUNT,2018-01-01,2023-12-01,7029.389999999999,23176.000000000004,2018-01-01,514.9,25563.39447256565,72,"Permian Basin, US",Permian
33-053-04858-0000,SAETZ FEDERAL 43-36H,WHITING PETROLEUM,2018-01-01,2023-12-01,6380.79,33617.91,2018-01-01,449.57,24727.046034825915,72,"Eagle Ford, US",Gulf Coast
33-053-04975-0000,MARLENE 42X-20D,QEP ENERGY COMPANY,2018-01-01,2023-12-01,12735.640000000001,87830.27000000002,2018-01-01,688.34,23532.644056138273,72,"Bakken Shale, US",Williston
33-053-05001-0000,BILL 14-23 4TFH,KODIAK OIL & GAS,2018-01-01,2023-12-01,5763.4400000000005,30581.62,2018-01-01,488.29,24946.36742695016,72,"Eagle Ford, US",Gulf Coast
33-053-05160-0000,BIG BEND 11-2MBH,CONTINENTAL RESOURCES,2018-01-01,2023-12-01,9909.160000000002,61685.29,2018-01-01,717.85,24999.809511474283,72,"Permian Basin, US",Permian
33-053-05191-0000,CRATER LAKE 41-14MBH,MARATHON OIL,2018-01-01,2023-12-01,24398.389999999996,144892.5,2018-01-01,732.42,24703.936556121982,72,"Bakken Shale, US",Williston
33-053-05232-0000,CAPER 2-15-22H,BURLINGTON RESOURCES,2018-01-01,2023-12-01,10876.95,42659.36,2018-01-01,339.52,26112.121153678803,72,"Eagle Ford, US",Gulf Coast
33-053-05277-0000,WISNESS STATE 152-96-21-16-10H,ENERPLUS RESOURCES,2018-01-01,2023-12-01,10426.56,40396.65,2018-01-01,784.28,24177.55783448775,72,"Eagle Ford, US",Gulf Coast
33-053-05475-0000,HOGNOSE 152-94-18B-19H-TF,OASIS PETROLEUM,2018-01-01,2023-12-01,15764.7,105132.17,2018-02-01,676.01,25087.85666660466,72,"Eagle Ford, US",Gulf Coast
33-053-05718-0000,TAT 2-33-28-BH,HESS BAKKEN INVESTMENTS II,2018-01-01,2023-12-01,10203.37,27748.83,2018-01-01,341.73,26056.538936059795,72,"Permian Basin, US",Permian
33-053-05937-0000,MCCOY 44X-23G2,XTO ENERGY INC,2018-01-01,2023-12-01,13091.149999999998,44884.19,2018-01-01,699.39,25596.391574753266,72,"Bakken Shale, US",Williston
33-053-05963-0000,STATE 152-102-36-25-8H,QEP ENERGY COMPANY,2018-01-01,2023-12-01,19317.88,91305.82,2018-01-01,1367.31,24935.857989331347,72,"Bakken Shale, US",Williston
33-053-06010-0000,CHALMERS 5301 44-24 3BR,ENERPLUS RESOURCES,2018-01-01,2023-12-01,10476.789999999999,71884.15,2018-01-01,755.26,25444.771308245236,72,"Eagle Ford, US",Gulf Coast
33-053-06120-0000,BB-BELQUIST- 150-95-1110H-10,EMERALD BAY ENERGY,2018-01-01,2023-12-01,12966.029999999999,64593.81000000001,2018-01-01,618.37,26150.312042467103,72,"Permian Basin, US",Permian
33-053-06188-0000,J GARVIN JACOBSON 150-101-8-5-8H,EMERALD BAY ENERGY,2018-01-01,2023-12-01,9148.54,51174.41,2018-01-01,467.24,24619.971029909844,72,"Permian Basin, US",Permian
33-053-06206-0000,GRANLI 34X-20H,PETRO SHALE,2018-01-01,2023-12-01,5371.099999999999,46455.77999999999,2018-01-01,506.88,26173.021288267428,72,"Bakken Shale, US",Williston
33-053-06220-0000,DOLL USA 12-14H,HESS BAKKEN INVESTMENTS II,2018-01-01,2023-12-01,10532.23,62056.24999999999,2018-01-01,538.65,29466.374152964596,72,"Permian Basin, US",Permian
33-053-06259-0000,TAT 5-35-26BH,XTO ENERGY INC,2018-01-01,2023-12-01,4593.05,22518.26,2018-01-01,411.21,25937.718907461775,72,"Bakken Shale, US",Williston
33-053-06283-0000,KINGS CANYON 4-1-27MTFH,WHITING PETROLEUM,2018-01-01,2023-12-01,3895.88,17816.32,2018-01-01,250.54,25474.608455707417,72,"Eagle Ford, US",Gulf Coast
33-053-06305-0000,RITA 44X-34H,EMERALD BAY ENERGY,2018-01-01,2023-12-01,4717.2300000000005,22333.749999999996,2018-02-01,355.43,25410.13129419248,72,"Permian Basin, US",Permian
33-053-06334-0000,SATTER 31X-1H,PRIMA EXPLORATION,2018-01-01,2023-12-01,10368.240000000002,48574.18000000001,2018-01-01,732.92,25865.28462476491,72,"Eagle Ford, US",Gulf Coast
33-053-06363-0000,OLSON 152-96-30-31-11H,HESS BAKKEN INVESTMENTS II,2018-01-01,2023-12-01,8830.960000000001,33469.18,2018-01-01,295.5,25604.25237975911,72,"Permian Basin, US",Permian
33-053-06461-0000,MAGNUM 36-11-TF2,MARATHON OIL,2018-01-01,2023-12-01,20382.31,63250.47999999999,2018-01-01,784.14,19544.44835233013,72,"Bakken Shale, US",Williston
33-053-06502-0000,BB-SIVERTSON- 151-95-2019H-4,BURLINGTON RESOURCES,2018-01-01,2023-12-01,9326.13,25526.79,2018-01-01,683.38,25267.97646627248,72,"Eagle Ford, US",Gulf Coast
33-053-06506-0000,BB-OLE ANDERSON- 151-95-3130H-5,STATOIL OIL & GAS,2018-01-01,2023-12-01,10856.96,52694.03000000001,2018-01-01,452.53,24108.99616774618,72,"Bakken Shale, US",Williston
33-053-06593-0000,TOBACCO GARDEN 11X-17B,HESS BAKKEN INVESTMENTS II,2018-01-01,2023-12-01,5978.639999999999,22521.850000000002,2018-01-01,506.06,25803.706027873206,72,"Permian Basin, US",Permian
33-053-06661-0000,BB-EIDE- 151-95-3328H-5,EXXONMOBIL,2018-01-01,2023-12-01,5187.15,24956.609999999997,2018-01-01,199.82,25322.327791449192,72,"Permian Basin, US",Permian
33-053-06704-0000,SONDROL 11-3HU,WHITING PETROLEUM,2018-01-01,2023-12-01,3516.0699999999993,14805.14,2018-01-01,249.68,25881.90694126111,72,"Eagle Ford, US",Gulf Coast
33-053-06727-0000,TOBACCO GARDEN 24X-32F,PRIMA EXPLORATION,2018-01-01,2023-12-01,4080.27,19684.559999999998,2018-01-01,330.55,26222.298999324983,72,"Eagle Ford, US",Gulf Coast
33-053-06983-0000,JOHNSRUD  5198 14-18 14B,WHITING PETROLEUM,2018-01-01,2023-12-01,21609.8,140337.63,2018-01-01,792.87,25467.543016005686,72,"Eagle Ford, US",Gulf Coast
33-053-07112-0000,LAWLAR N 5199 42-23 5T,PRIMA EXPLORATION,2018-01-01,2023-12-01,5350.88,30910.150000000005,2018-01-01,246.64,25443.060721856953,72,"Eagle Ford, US",Gulf Coast
33-053-07313-0000,KDM 2-7-6T3HD,STATOIL OIL & GAS,2018-01-01,2023-12-01,5598.39,20619.019999999997,2018-02-01,301.25,25236.052560580865,72,"Bakken Shale, US",Williston
33-053-07427-0000,HEREFORD FEDERAL 5-20H,PRIMA EXPLORATION,2018-01-01,2023-12-01,7860.660000000001,43312.36,2018-01-01,324.24,32695.52785603713,72,"Eagle Ford, US",Gulf Coast
33-053-07431-0000,HEREFORD FEDERAL 6-20H1,DENBURY RESOURCES,2018-01-01,2023-12-01,10281.969999999998,74636.75000000001,2018-01-01,817.23,32944.778789667114,72,"Permian Basin, US",Permian
33-053-07580-0000,ANDERSON RANCH 3B-TFH,QEP ENERGY COMPANY,2018-01-01,2023-12-01,8120.6,29517.879999999997,2018-01-01,529.6,25289.44134759801,72,"Bakken Shale, US",Williston
33-053-07669-0000,FLATLAND 24-9-1XH,ENERPLUS RESOURCES,2018-01-01,2023-12-01,13590.079999999998,64821.770000000004,2018-01-01,634.96,27021.777374739806,72,"Eagle Ford, US",Gulf Coast
33-053-07733-0000,PATSY 5198 11-5 2BX,KODIAK OIL & GAS,2018-01-01,2023-12-01,7655.200000000001,25484.29,2018-01-01,435.41,25930.61762709288,72,"Eagle Ford, US",Gulf Coast
33-053-07761-0000,FRICK 24-8-1HU,WHITING PETROLEUM,2018-01-01,2023-12-01,10002.47,62903.64,2018-01-01,685.15,25810.80120788388,72,"Eagle Ford, US",Gulf Coast
33-053-07770-0000,HELLANDSAAS 44-8-1H,WHITING PETROLEUM,2018-01-01,2023-12-01,7196.19,46090.69999999999,2018-01-01,602.28,21070.78291558242,72,"Eagle Ford, US",Gulf Coast
33-053-07846-0000,SC-1WX -152-99-0809H-8,KODIAK OIL & GAS,2018-01-01,2023-12-01,7317.59,39363.48,2018-01-01,263.09,25726.306403308266,72,"Eagle Ford, US",Gulf Coast
33-053-04469-0000,STATE 154-94-31C-32-2H,HESS BAKKEN INVESTMENTS II,2018-01-01,2023-12-01,28176.170000000006,103469.36999999998,2018-02-01,815.39,24709.359413438866,72,"Permian Basin, US",Permian
33-053-04771-0000,ROEN 24-10-2H,HESS BAKKEN INVESTMENTS II,2018-01-01,2023-12-01,940.0699999999999,3931.61,2018-01-01,72.92,25786.245618160472,72,"Permian Basin, US",Permian
33-053-04854-0000,TALLAHASSEE 2-16H,ENERPLUS RESOURCES,2018-01-01,2023-12-01,16956.260000000002,65990.86,2018-02-01,548.84,22115.000010752883,72,"Eagle Ford, US",Gulf Coast
33-053-04970-0000,FORT BERTHOLD 152-94-11B-14-6H,OASIS PETROLEUM,2018-01-01,2023-12-01,7839.499999999999,27767.77,2018-01-01,391.37,26067.592743253066,72,"Eagle Ford, US",Gulf Coast
33-053-05090-0000,HOLM 150-98-5-8-3H,CONTINENTAL RESOURCES,2018-01-01,2023-12-01,26195.88,103958.97,2018-01-01,828.82,25295.926988037027,72,"Permian Basin, US",Permian
33-053-05130-0000,KELTER FEDERAL 7-6HTF,WHITING PETROLEUM,2018-01-01,2023-12-01,11070.15,38452.49999999999,2018-01-01,779.66,23544.79181206748,72,"Eagle Ford, US",Gulf Coast
33-053-05140-0000,MORK FARM 24-8H,PRIMA EXPLORATION,2018-01-01,2023-12-01,6558.620000000001,26831.02,2018-01-01,376.15,25772.165595465587,72,"Eagle Ford, US",Gulf Coast
33-053-05185-0000,JOHNSTON 7-6 #5TFH,CONTINENTAL RESOURCES,2018-01-01,2023-12-01,14983.52,99076.34,2018-01-01,527.93,27072.422862507152,72,"Permian Basin, US",Permian
33-053-05352-0000,JAN 14X-34B,EMERALD BAY ENERGY,2018-01-01,2023-12-01,4291.0,16104.68,2018-02-01,273.78,26513.41554220429,72,"Permian Basin, US",Permian
33-053-05430-0000,RUBY STATE FEDERAL 34X-36F,CONOCO PHILLIPS,2018-01-01,2023-12-01,9529.530000000002,45130.46000000001,2018-01-01,700.1,24812.81781468804,72,"Bakken Shale, US",Williston
33-053-05466-0000,LUCY  14X-32B,MARATHON OIL,2018-01-01,2023-12-01,12633.65,45557.76,2018-02-01,554.15,25281.35404624523,72,"Bakken Shale, US",Williston
33-053-05480-0000,GAJEWSKI  31-18H,ENERPLUS RESOURCES,2018-01-01,2023-12-01,22861.75,157296.06000000003,2018-01-01,1042.75,25106.777172566373,72,"Eagle Ford, US",Gulf Coast
33-053-05557-0000,BRENNA 152-96-22D-14-1HS,QEP ENERGY COMPANY,2018-01-01,2023-12-01,8742.0,31186.8,2018-01-01,407.51,25089.488859329118,72,"Bakken Shale, US",Williston
33-053-05717-0000,TAT 1-33-28BH,PRIMA EXPLORATION,2018-01-01,2023-12-01,7647.440000000001,38395.94,2018-01-01,640.57,26243.742049656335,72,"Eagle Ford, US",Gulf Coast
33-053-05745-0000,BW-R PETERSON- 149-99-1102H-4,XTO ENERGY INC,2018-01-01,2023-12-01,7773.7699999999995,36905.409999999996,2018-01-01,455.11,26386.98505528057,72,"Bakken Shale, US",Williston
33-053-05779-0000,MOBERG 2-20-21BH,HESS BAKKEN INVESTMENTS II,2018-01-01,2023-12-01,11914.11,63840.48999999999,2018-02-01,679.79,25929.294879429326,72,"Permian Basin, US",Permian
33-053-05853-0000,JESSE 14X-12H,PRIMA EXPLORATION,2018-01-01,2023-12-01,9079.910000000002,48144.509999999995,2018-01-01,357.24,25800.508318653337,72,"Eagle Ford, US",Gulf Coast
33-053-05927-0000,LILLIBRIDGE 41-27MBH,PETRO SHALE,2018-01-01,2023-12-01,9605.87,41258.48,2018-02-01,481.03,25893.257051149438,72,"Bakken Shale, US",Williston
33-053-05932-0000,AN-BRENNA- 153-94-3130H-8,STATOIL OIL & GAS,2018-01-01,2023-12-01,12858.050000000001,72013.86,2018-01-01,619.25,22537.211811315527,72,"Bakken Shale, US",Williston
33-053-06057-0000,KLINE FEDERAL  5300 31-18 6B,BURLINGTON RESOURCES,2018-01-01,2023-12-01,6458.830000000001,45290.30999999999,2018-01-01,309.55,25097.976165581556,72,"Eagle Ford, US",Gulf Coast
33-053-06143-0000,JOHNSON FEDERAL 11X-5E,KODIAK OIL & GAS,2018-01-01,2023-12-01,5958.47,30023.03,2018-01-01,252.91,24896.40790801958,72,"Eagle Ford, US",Gulf Coast
33-053-06158-0000,AMUNDSON 34X-22F,CONTINENTAL RESOURCES,2018-01-01,2023-12-01,5138.49,32600.91,2018-01-01,262.62,25542.01452213392,72,"Permian Basin, US",Permian
33-053-06175-0000,MILES 3-6H,QEP ENERGY COMPANY,2018-01-01,2023-12-01,6948.669999999999,41533.97,2018-01-01,399.88,25202.075670356993,72,"Bakken Shale, US",Williston
33-053-06197-0000,BB-CHAPIN A- 151-95-0403H-10,BURLINGTON RESOURCES,2018-01-01,2023-12-01,7062.669999999999,35400.18,2018-01-01,531.93,25578.540075307268,72,"Eagle Ford, US",Gulf Coast
33-053-06203-0000,NORDENG 3-5H,DENBURY RESOURCES,2018-01-01,2023-12-01,9114.519999999997,52310.240000000005,2018-01-01,654.07,24826.95630891753,72,"Permian Basin, US",Permian
33-053-06205-0000,GRANLI 34X-20C,DENBURY RESOURCES,2018-01-01,2023-12-01,7458.49,39698.02,2018-01-01,387.93,25742.39401532033,72,"Permian Basin, US",Permian
33-053-06325-0000,MINK 150-94-04B-09H TF,CONOCO PHILLIPS,2018-01-01,2023-12-01,19720.75,121382.87000000001,2018-01-01,736.12,25985.68520696732,72,"Bakken Shale, US",Williston
33-053-06582-0000,FORT BERTHOLD 152-93-7C-6-10H,QEP ENERGY COMPANY,2018-01-01,2023-12-01,37095.64,155704.6,2018-01-01,1328.79,26355.225285176373,72,"Bakken Shale, US",Williston
33-053-06624-0000,HOLSTEIN FEDERAL 10-25H,QEP ENERGY COMPANY,2018-01-01,2023-12-01,4672.45,16872.64,2018-01-01,423.12,28945.356941215978,72,"Bakken Shale, US",Williston
33-053-06659-0000,BB-EIDE- 151-95-3328H-3,QEP ENERGY COMPANY,2018-01-01,2023-12-01,8767.460000000001,49449.54000000001,2018-01-01,518.6,25328.18180889422,72,"Bakken Shale, US",Williston
33-053-06660-0000,BB-EIDE- 151-95-3328H-4,STATOIL OIL & GAS,2018-01-01,2023-12-01,4610.06,12669.86,2018-01-01,343.75,25154.146654967248,72,"Bakken Shale, US",Williston
33-053-06694-0000,BOGGS 2-29-32T2HD,BURLINGTON RESOURCES,2018-01-01,2023-12-01,12543.229999999998,46955.24999999999,2018-01-01,750.73,25267.384104612018,72,"Eagle Ford, US",Gulf Coast
33-053-06741-0000,AMUNDSON 44X-22CXD,BURLINGTON RESOURCES,2018-01-01,2023-12-01,4595.740000000001,17648.22,2018-01-01,243.73,24346.75045586166,72,"Eagle Ford, US",Gulf Coast
33-053-06754-0000,RITA 44X-34D,KODIAK OIL & GAS,2018-01-01,2023-12-01,12216.479999999996,52885.82999999999,2018-01-01,1168.63,25997.60116053979,72,"Eagle Ford, US",Gulf Coast
33-053-06771-0000,KLAMM 34X-9DXA,ENERPLUS RESOURCES,2018-01-01,2023-12-01,4026.62,28907.41,2018-01-01,348.61,25889.33649149008,72,"Eagle Ford, US",Gulf Coast
33-053-06798-0000,ANDERSMADSON 5201 43-24 10T,MARATHON OIL,2018-01-01,2023-12-01,7903.300000000001,30820.749999999993,2018-02-01,310.79,25182.89644052884,72,"Bakken Shale, US",Williston
33-053-06862-0000,ANDERSMADSON 5201 42-24 5B,DENBURY RESOURCES,2018-01-01,2023-12-01,6136.329999999998,13541.830000000002,2018-01-01,462.62,25063.060675057226,72,"Permian Basin, US",Permian
33-053-06913-0000,STENEHJEM 11H,EXXONMOBIL,2018-01-01,2023-12-01,9143.2,41268.49,2018-01-01,667.17,26032.241597543998,72,"Permian Basin, US",Permian
33-053-06979-0000,JOHNSRUD  5198 12-18 8T2,PRIMA EXPLORATION,2018-01-01,2023-12-01,9217.35,38347.2,2018-01-01,600.6,25700.55711788365,72,"Eagle Ford, US",Gulf Coast
33-053-07298-0000,MOBERG FEDERAL 149-95-29-32-14HLW,ENERPLUS RESOURCES,2018-01-01,2023-12-01,12566.969999999998,94106.69,2018-01-01,787.4,26219.145116362968,72,"Eagle Ford, US",Gulf Coast
33-053-07692-0000,AN-DINWOODIE- LE-153-94-2833H-1,DENBURY RESOURCES,2018-01-01,2023-12-01,8922.95,38574.57,2018-01-01,509.63,25407.462947008305,72,"Permian Basin, US",Permian
33-053-04066-0000,FORT BERTHOLD 151-94-26B-35-2H,CONTINENTAL RESOURCES,2018-01-01,2023-12-01,5033.530000000001,25885.95,2018-01-01,252.38,25547.73167105839,72,"Permian Basin, US",Permian
33-053-04151-0000,JORE FEDERAL 2-11-4H,CONOCO PHILLIPS,2018-01-01,2023-12-01,10146.329999999998,46711.24,2018-01-01,628.56,25528.145260086952,72,"Bakken Shale, US",Williston
33-053-05051-0000,KOALA WOLD 153-97-1-5-8-15H3,PETRO SHALE,2018-01-01,2023-12-01,19955.8,65886.49,2018-01-01,1203.3,24904.500918259735,72,"Bakken Shale, US",Williston
33-053-05177-0000,DORIS 1X-13H,MARATHON OIL,2018-01-01,2023-12-01,17508.52,109267.20000000001,2018-01-01,862.45,26219.21927893544,72,"Bakken Shale, US",Williston
33-053-05300-0000,JERRY 4-8H,QEP ENERGY COMPANY,2018-01-01,2023-12-01,15024.56,78727.50999999998,2018-01-01,606.29,25445.00068901748,72,"Bakken Shale, US",Williston
33-053-05312-0000,SKAAR 150-99-15-22-2H,CONTINENTAL RESOURCES,2018-01-01,2023-12-01,5335.7,21596.31,2018-02-01,304.93,25537.186623763002,72,"Permian Basin, US",Permian
33-053-05326-0000,SEQUOIA 14-9TFH,WHITING PETROLEUM,2018-01-01,2023-12-01,4992.96,20221.819999999996,2018-01-01,346.6,26158.712302070606,72,"Eagle Ford, US",Gulf Coast
33-053-05350-0000,JAN 14X-34F,PRIMA EXPLORATION,2018-01-01,2023-12-01,9705.01,30312.32,2018-02-01,401.05,26933.72625197078,72,"Eagle Ford, US",Gulf Coast
33-053-05388-0000,FEDELER 1-33H,PETRO HUNT,2018-01-01,2023-12-01,4227.8,20258.909999999996,2018-01-01,286.16,25854.830050882178,72,"Permian Basin, US",Permian
33-053-05425-0000,BONNER 9X-12HA,ENERPLUS RESOURCES,2018-01-01,2023-12-01,8640.27,29091.97,2018-01-01,305.26,26203.791719222623,72,"Eagle Ford, US",Gulf Coast
33-053-05429-0000,FINSAAS 34-9-4H,BURLINGTON RESOURCES,2018-01-01,2023-12-01,19002.519999999997,79124.86,2018-01-01,802.83,24153.18777679046,72,"Eagle Ford, US",Gulf Coast
33-053-05444-0000,FORT BERTHOLD 152-93-19D-18-6H,CONOCO PHILLIPS,2018-01-01,2023-12-01,8148.15,49088.73999999999,2018-02-01,482.16,25465.484295610793,72,"Bakken Shale, US",Williston
33-053-05451-0000,AN-GUDBRANSON- 153-94-2215H-3,WHITING PETROLEUM,2018-01-01,2023-12-01,4080.7300000000005,20661.67,2018-02-01,228.52,25469.88371021941,72,"Eagle Ford, US",Gulf Coast
33-053-05565-0000,POLK FEDERAL 2-33H,MARATHON OIL,2018-01-01,2023-12-01,9071.75,47406.630000000005,2018-01-01,830.87,25352.79246970834,72,"Bakken Shale, US",Williston
33-053-05651-0000,ROLFSRUD 2-11H,KODIAK OIL & GAS,2018-01-01,2023-12-01,8568.59,44481.66999999999,2018-01-01,513.84,24766.600007108365,72,"Eagle Ford, US",Gulf Coast
33-053-05670-0000,BULLRUSH 34-10TFH-B,XTO ENERGY INC,2018-01-01,2023-12-01,12516.360000000002,59643.990000000005,2018-01-01,605.36,25551.670682137403,72,"Bakken Shale, US",Williston
33-053-05772-0000,WHITE 5198 13-6 13T3,STATOIL OIL & GAS,2018-01-01,2023-12-01,7847.170000000001,30553.530000000002,2018-01-01,366.5,26084.822856138013,72,"Bakken Shale, US",Williston
33-053-05820-0000,BW-SORENSON- 149-99-1324H-5,PETRO HUNT,2018-01-01,2023-12-01,21783.16,124228.53,2018-01-01,708.79,25618.755307344654,72,"Permian Basin, US",Permian
33-053-05825-0000,STATE 1-16-21BH,KODIAK OIL & GAS,2018-01-01,2023-12-01,19343.41,129329.58,2018-01-01,938.05,25060.06839755231,72,"Eagle Ford, US",Gulf Coast
33-053-05828-0000,STATE 3-16-21BH,PRIMA EXPLORATION,2018-01-01,2023-12-01,12957.7,53788.6,2018-01-01,487.87,25724.62056730089,72,"Eagle Ford, US",Gulf Coast
33-053-05965-0000,ROLFSRUD STATE 152-96-29-32-11H,STATOIL OIL & GAS,2018-01-01,2023-12-01,6536.549999999999,20086.260000000002,2018-02-01,317.47,25456.409099981087,72,"Bakken Shale, US",Williston
33-053-06046-0000,DURHAM 6-2H1,WHITING PETROLEUM,2018-01-01,2023-12-01,4885.759999999999,27142.340000000004,2018-01-01,210.35,25974.644997766572,72,"Eagle Ford, US",Gulf Coast
33-053-06068-0000,RANGER 21X-18F,XTO ENERGY INC,2018-01-01,2023-12-01,11634.500000000002,64789.24000000001,2018-01-01,899.17,25715.42157368609,72,"Bakken Shale, US",Williston
33-053-06156-0000,AMUNDSON 34X-22E,PETRO HUNT,2018-01-01,2023-12-01,10133.63,42822.16,2018-02-01,316.51,26319.79367776275,72,"Permian Basin, US",Permian
33-053-06242-0000,WISNESS 150-100-23-14-8H,HESS BAKKEN INVESTMENTS II,2018-01-01,2023-12-01,7554.19,46006.36000000001,2018-01-01,504.43,25421.954278843317,72,"Permian Basin, US",Permian
33-053-06350-0000,MARY  1-16XH,MARATHON OIL,2018-01-01,2023-12-01,5622.830000000001,20681.480000000003,2018-01-01,411.41,31228.430385890355,72,"Bakken Shale, US",Williston
33-053-06442-0000,PAULSON 36-1  #4H,OASIS PETROLEUM,2018-01-01,2023-12-01,9511.16,33531.780000000006,2018-01-01,650.85,24977.618290982027,72,"Eagle Ford, US",Gulf Coast
33-053-06561-0000,THOMPSON 44X-20EXF,CONTINENTAL RESOURCES,2018-01-01,2023-12-01,6429.5,34225.33,2018-01-01,498.54,25776.38216473561,72,"Permian Basin, US",Permian
33-053-06628-0000,THOMPSON 153-95-8D-6-2H,PETRO SHALE,2018-01-01,2023-12-01,8086.39,43171.81,2018-01-01,413.61,29491.066375092305,72,"Bakken Shale, US",Williston
33-053-06716-0000,STATE 4-25-24TH,PRIMA EXPLORATION,2018-01-01,2023-12-01,19579.34,95322.56999999998,2018-01-01,1426.88,25967.358470972747,72,"Eagle Ford, US",Gulf Coast
33-053-06782-0000,SADDLE BUTTE 21-16 TFH-2SH,MARATHON OIL,2018-01-01,2023-12-01,7036.920000000001,39909.090000000004,2018-01-01,421.97,25495.44163314101,72,"Bakken Shale, US",Williston
33-053-06976-0000,JOHNSRUD  5198 12-18 5B,CONOCO PHILLIPS,2018-01-01,2023-12-01,5528.7699999999995,25633.96,2018-02-01,362.35,25685.775956634054,72,"Bakken Shale, US",Williston
33-053-07081-0000,HA-CHAPIN- 152-95-2932H-8,BURLINGTON RESOURCES,2018-01-01,2023-12-01,5750.830000000001,32186.480000000007,2018-01-01,480.36,25495.430649449718,72,"Eagle Ford, US",Gulf Coast
33-053-07119-0000,LAWLAR N 5199 43-23 8T,EMERALD BAY ENERGY,2018-01-01,2023-12-01,7720.280000000001,44791.45,2018-01-01,506.67,25450.16480412062,72,"Permian Basin, US",Permian
33-053-07144-0000,ERNIE 8-2-11BHD,PETRO HUNT,2018-01-01,2023-12-01,12647.44,48752.15000000001,2018-03-01,401.23,25229.010443933388,72,"Permian Basin, US",Permian
33-053-07272-0000,ROLFSON S 5198 12-29 7B,EMERALD BAY ENERGY,2018-01-01,2023-12-01,14144.72,85982.54000000001,2018-02-01,944.48,25599.47094380077,72,"Permian Basin, US",Permian
33-053-07507-0000,KERMIT USA 14-9H,CONOCO PHILLIPS,2018-01-01,2023-12-01,6140.959999999999,27607.29,2018-01-01,535.47,25201.11855216748,72,"Bakken Shale, US",Williston
33-053-07570-0000,HA-ROLFSRUD- 152-96-1720H-10,HESS BAKKEN INVESTMENTS II,2018-01-01,2023-12-01,8520.74,31657.12,2018-03-01,273.4,25221.44802015935,72,"Permian Basin, US",Permian
33-053-07653-0000,OYLOE 5199 42-23 4B,STATOIL OIL & GAS,2018-01-01,2023-12-01,10421.529999999999,56512.99,2018-02-01,506.09,26171.065259024133,72,"Bakken Shale, US",Williston
33-053-07826-0000,MONROE 10-2H1,CONTINENTAL RESOURCES,2018-01-01,2023-12-01,5553.75,24070.82,2018-01-01,354.33,30803.439066157858,72,"Permian Basin, US",Permian
33-053-07968-0000,OMLID 2-19H,PETRO HUNT,2018-01-01,2023-12-01,30551.55,114937.55999999998,2018-01-01,1129.95,27332.83927031548,72,"Permian Basin, US",Permian
33-053-04535-0000,FORT BERTHOLD 152-93-7D-6-4H,DENBURY RESOURCES,2018-01-01,2023-12-01,6908.37,23083.21,2018-01-01,577.86,26656.276506226444,72,"Permian Basin, US",Permian
33-053-04650-0000,CLEAR CREEK 152-96-34B-6H,KODIAK OIL & GAS,2018-01-01,2023-12-01,13827.25,81681.23,2018-01-01,670.98,18987.203817542486,72,"Eagle Ford, US",Gulf Coast
33-053-05019-0000,SUNLINE 31-1TFH-6SH,OASIS PETROLEUM,2018-01-01,2023-12-01,4993.23,27707.539999999997,2018-01-01,280.17,25415.133583691822,72,"Eagle Ford, US",Gulf Coast
33-053-05083-0000,SKARSTON 1-12 #4H,PRIMA EXPLORATION,2018-01-01,2023-12-01,7788.89,25479.42,2018-01-01,468.81,26556.770039362844,72,"Eagle Ford, US",Gulf Coast
33-053-05106-0000,BLUE RIDGE 41-30MBH ULW,EMERALD BAY ENERGY,2018-01-01,2023-12-01,10640.63,48804.56,2018-01-01,740.51,24447.691201624744,72,"Permian Basin, US",Permian
33-053-05189-0000,CRATER LAKE 31-14MBH,XTO ENERGY INC,2018-01-01,2023-12-01,12189.7,72995.95,2018-01-01,577.51,24681.454420969603,72,"Bakken Shale, US",Williston
33-053-05223-0000,KOALA 16-32-29-1H,CONOCO PHILLIPS,2018-01-01,2023-12-01,22265.970000000005,120195.3,2018-01-01,1434.94,25174.8305613444,72,"Bakken Shale, US",Williston
33-053-05250-0000,PONCHO  5-3-10BH,PRIMA EXPLORATION,2018-01-01,2023-12-01,9093.470000000001,32892.39,2018-01-01,820.59,25790.174357231477,72,"Eagle Ford, US",Gulf Coast
33-053-05302-0000,ROLFSRUD STATE 152-96-29-32-10H,EXXONMOBIL,2018-01-01,2023-12-01,5458.42,23053.88,2018-02-01,245.06,25767.184889125936,72,"Permian Basin, US",Permian
33-053-05435-0000,RAVIN 26-35-6H,ENERPLUS RESOURCES,2018-01-01,2023-12-01,7213.96,34796.08,2018-01-01,310.98,25293.956340456112,72,"Eagle Ford, US",Gulf Coast
33-053-05593-0000,KOALA 4-4-28-4H,HESS BAKKEN INVESTMENTS II,2018-01-01,2023-12-01,42573.97000000001,221408.91999999998,2018-01-01,2133.0,26119.98835421065,72,"Permian Basin, US",Permian
33-053-05716-0000,TAT 1-35-26BH,OASIS PETROLEUM,2018-01-01,2023-12-01,4455.280000000001,17207.86,2018-01-01,365.78,25971.22081244738,72,"Eagle Ford, US",Gulf Coast
33-053-05725-0000,HA-MOGEN- 152-95-0805H-9,STATOIL OIL & GAS,2018-01-01,2023-12-01,4801.27,21661.37,2018-01-01,336.03,26239.676349088226,72,"Bakken Shale, US",Williston
33-053-05729-0000,MASTON 34-27 #4H,STATOIL OIL & GAS,2018-01-01,2023-12-01,5115.29,44285.8,2018-01-01,394.1,25066.77825534227,72,"Bakken Shale, US",Williston
33-053-05748-0000,VAN DYKE FEDERAL 44X-19A,DENBURY RESOURCES,2018-01-01,2023-12-01,18683.55,93571.90999999999,2018-01-01,807.32,25261.815899940764,72,"Permian Basin, US",Permian
33-053-05788-0000,MOBERG 3-20-21BH,EXXONMOBIL,2018-01-01,2023-12-01,6510.810000000001,34193.93,2018-01-01,555.4,25463.381280421105,72,"Permian Basin, US",Permian
33-053-05830-0000,D ANNUNZIO 4-7-6H,CONOCO PHILLIPS,2018-01-01,2023-12-01,12722.549999999997,46856.329999999994,2018-01-01,502.63,25324.14447834319,72,"Bakken Shale, US",Williston
33-053-05876-0000,EXCALIBUR 7-25-36H,MARATHON OIL,2018-01-01,2023-12-01,6819.580000000001,26516.23,2018-01-01,594.76,25476.171544250916,72,"Bakken Shale, US",Williston
33-053-05920-0000,SALERS FEDERAL 7-27H,PRIMA EXPLORATION,2018-01-01,2023-12-01,14662.32,55433.13,2018-01-01,838.58,24929.835042574992,72,"Eagle Ford, US",Gulf Coast
33-053-05930-0000,AN-BRENNA- 153-94-3130H-6,ENERPLUS RESOURCES,2018-01-01,2023-12-01,10257.19,56183.17,2018-01-01,663.62,23843.15187137808,72,"Eagle Ford, US",Gulf Coast
33-053-05975-0000,SEVERIN 2-16-17BH,OASIS PETROLEUM,2018-01-01,2023-12-01,5401.000000000001,33904.399999999994,2018-01-01,231.08,26046.878445172657,72,"Eagle Ford, US",Gulf Coast
33-053-06129-0000,WADE FEDERAL 5300 21-30 12T,EXXONMOBIL,2018-01-01,2023-12-01,14300.129999999997,67690.23999999999,2018-01-01,992.41,24910.568835608712,72,"Permian Basin, US",Permian
33-053-06201-0000,KELLOGG RANCH FEDERAL 3-32H,EXXONMOBIL,2018-01-01,2023-12-01,23274.71,115981.00000000001,2018-01-01,1401.17,26785.529513407047,72,"Permian Basin, US",Permian
33-053-06230-0000,FRISCO 2-31H1,OASIS PETROLEUM,2018-01-01,2023-12-01,9777.349999999999,50246.56,2018-01-01,646.26,25068.65735056427,72,"Eagle Ford, US",Gulf Coast
33-053-06447-0000,HOLSTEIN FEDERAL 5-25H1,HESS BAKKEN INVESTMENTS II,2018-01-01,2023-12-01,23324.68,119174.58999999998,2018-01-01,989.42,28289.579173964394,72,"Permian Basin, US",Permian
33-053-06489-0000,MARLENE  42X-20F2,XTO ENERGY INC,2018-01-01,2023-12-01,9318.46,29898.969999999998,2018-01-01,777.33,25515.12474514675,72,"Bakken Shale, US",Williston
33-053-06515-0000,SHIRLEY MOEN 44-34-3H,PETRO SHALE,2018-01-01,2023-12-01,5499.089999999999,22566.31,2018-01-01,298.69,25329.987853459384,72,"Bakken Shale, US",Williston
33-053-06904-0000,RYAN 14X-9EXF,CONTINENTAL RESOURCES,2018-01-01,2023-12-01,18340.210000000003,52227.3,2018-01-01,1061.49,25659.91785723407,72,"Permian Basin, US",Permian
33-053-06909-0000,LOOMER 44-33TFHU,PETRO SHALE,2018-01-01,2023-12-01,13244.779999999999,53795.82,2018-01-01,503.37,25651.708694589917,72,"Bakken Shale, US",Williston
33-053-06977-0000,JOHNSRUD  5198 12-18 6T,OASIS PETROLEUM,2018-01-01,2023-12-01,8182.28,38720.02,2018-01-01,341.25,25687.581373545076,72,"Eagle Ford, US",Gulf Coast
33-053-07345-0000,FORT BERTHOLD 152-94-13B-24-13H,XTO ENERGY INC,2018-01-01,2023-12-01,10433.589999999998,57013.15000000001,2018-01-01,513.66,25565.56008036006,72,"Bakken Shale, US",Williston
33-053-07486-0000,BB-CHAPIN A- 151-95-0403H-3,PETRO SHALE,2018-01-01,2023-12-01,9102.72,28260.4,2018-01-01,462.79,25839.59995993746,72,"Bakken Shale, US",Williston
33-053-07545-0000,TARENTAISE FEDERAL 4-19H2,EXXONMOBIL,2018-01-01,2023-12-01,6278.389999999999,20050.58,2018-01-01,414.4,25810.15667721721,72,"Permian Basin, US",Permian
33-053-07870-0000,LUNDIN FEDERAL 11X-4B,ENERPLUS RESOURCES,2018-01-01,2023-12-01,4642.2,13814.990000000002,2018-01-01,239.09,32593.649250097787,72,"Eagle Ford, US",Gulf Coast
33-053-07944-0000,ND LEVANG 5-16-21BHD,DENBURY RESOURCES,2018-01-01,2023-12-01,5099.740000000001,46704.280000000006,2018-01-01,445.95,25258.74099304239,72,"Permian Basin, US",Permian
33-053-04272-0000,BB-BUDAHN-150-95- 0506H-2,STATOIL OIL & GAS,2018-01-01,2023-12-01,8247.970000000001,28481.420000000002,2018-01-01,240.93,25585.50252564135,72,"Bakken Shale, US",Williston
33-053-04595-0000,BB-BUDAHN 150-95-0506H-5,KODIAK OIL & GAS,2018-01-01,2023-12-01,5433.580000000001,35110.94,2018-01-01,304.47,25012.596684520784,72,"Eagle Ford, US",Gulf Coast
33-053-04770-0000,ROEN FEDERAL 24-10H,EXXONMOBIL,2018-01-01,2023-12-01,7405.429999999999,35187.97,2018-02-01,386.81,26220.58540797478,72,"Permian Basin, US",Permian
33-053-04823-0000,SAND CREEK STATE 153-96-16-10H,XTO ENERGY INC,2018-01-01,2023-12-01,11196.749999999998,66029.63,2018-01-01,532.11,18969.699891363594,72,"Bakken Shale, US",Williston
33-053-05154-0000,BW-ELLEN IDA- 150-99-3031H-2,KODIAK OIL & GAS,2018-01-01,2023-12-01,9099.679999999998,33064.11,2018-01-01,517.72,24963.128533581283,72,"Eagle Ford, US",Gulf Coast
33-053-05219-0000,DWYER  150-101-35-26-4H,PETRO HUNT,2018-01-01,2023-12-01,19922.760000000002,83904.97,2018-02-01,731.25,26092.538146098395,72,"Permian Basin, US",Permian
33-053-05368-0000,GUSTAFSON 148-100-5-8-3H,EXXONMOBIL,2018-01-01,2023-12-01,29114.730000000003,135829.56999999998,2018-01-01,1108.54,25036.429388201508,72,"Permian Basin, US",Permian
33-053-05384-0000,WISNESS 150-100-23-14-5H,OASIS PETROLEUM,2018-01-01,2023-12-01,13093.56,56029.22000000001,2018-01-01,485.81,25275.07116423018,72,"Eagle Ford, US",Gulf Coast
33-053-05456-0000,CRATER LAKE 11-14MBH-R,OASIS PETROLEUM,2018-01-01,2023-12-01,10081.82,87149.45000000001,2018-01-01,895.84,24611.62322887501,72,"Eagle Ford, US",Gulf Coast
33-053-05570-0000,THOMPSON 41X-17MB3,CONOCO PHILLIPS,2018-01-01,2023-12-01,13966.14,67383.23,2018-01-01,619.91,20574.339902985954,72,"Bakken Shale, US",Williston
33-053-05571-0000,SLUGGER 7-16-21H,BURLINGTON RESOURCES,2018-01-01,2023-12-01,5494.45,20500.46,2018-01-01,391.54,25254.83880086349,72,"Eagle Ford, US",Gulf Coast
33-053-05620-0000,BB-BUDAHN A- 150-95-0403H-8,WHITING PETROLEUM,2018-01-01,2023-12-01,9448.289999999999,43892.23,2018-01-01,561.23,25405.245963469828,72,"Eagle Ford, US",Gulf Coast
33-053-05750-0000,VAN DYKE FEDERAL 44X-19B,HESS BAKKEN INVESTMENTS II,2018-01-01,2023-12-01,8170.129999999999,30274.030000000006,2018-01-01,395.62,25622.782227736316,72,"Permian Basin, US",Permian
33-053-05893-0000,BW-HEDSTROM- 149-100-1201H-2,DENBURY RESOURCES,2018-01-01,2023-12-01,5719.51,29135.569999999996,2018-01-01,404.94,25318.29803347966,72,"Permian Basin, US",Permian
33-053-05948-0000,SHENANDOAH 44-36TFH,QEP ENERGY COMPANY,2018-01-01,2023-12-01,10432.849999999999,57592.43,2018-01-01,828.16,24826.130770156273,72,"Bakken Shale, US",Williston
33-053-06019-0000,CHALMERS 5300 21-19 6B,OASIS PETROLEUM,2018-01-01,2023-12-01,6924.789999999998,44738.049999999996,2018-01-01,409.91,25130.034594516575,72,"Eagle Ford, US",Gulf Coast
33-053-06024-0000,CHALMERS 5300 21-19 11B,OASIS PETROLEUM,2018-01-01,2023-12-01,8105.8099999999995,45671.38,2018-02-01,560.04,25243.903621716272,72,"Eagle Ford, US",Gulf Coast
33-053-06050-0000,JOHNSON FEDERAL 24X-31F,DENBURY RESOURCES,2018-01-01,2023-12-01,15192.809999999998,67028.51000000001,2018-01-01,1059.03,25403.80539890825,72,"Permian Basin, US",Permian
33-053-06054-0000,MIRAMAR 3-32H1,CONOCO PHILLIPS,2018-01-01,2023-12-01,7286.339999999999,36743.50000000001,2018-01-01,550.76,25250.065734015425,72,"Bakken Shale, US",Williston
33-053-06208-0000,MOSES 21X-9B,XTO ENERGY INC,2018-01-01,2023-12-01,16132.51,108822.19999999998,2018-03-01,522.78,19644.55144385842,72,"Bakken Shale, US",Williston
33-053-06210-0000,ORA 32-24MBH,CONTINENTAL RESOURCES,2018-01-01,2023-12-01,23287.45,83606.20999999999,2018-02-01,712.93,26834.52103672432,72,"Permian Basin, US",Permian
33-053-06301-0000,KINGS CANYON 6-8-34UTFH,STATOIL OIL & GAS,2018-01-01,2023-12-01,3130.2799999999997,19475.56,2018-01-01,140.93,23327.44290337027,72,"Bakken Shale, US",Williston
33-053-06349-0000,CHERYL 17-20 #7H,HESS BAKKEN INVESTMENTS II,2018-01-01,2023-12-01,5751.14,19330.69,2018-02-01,329.78,26436.873357537952,72,"Permian Basin, US",Permian
33-053-06393-0000,AVALANCHE 36-16-MB2,BURLINGTON RESOURCES,2018-01-01,2023-12-01,5109.660000000001,19987.23,2018-01-01,470.18,19559.152195391805,72,"Eagle Ford, US",Gulf Coast
33-053-06415-0000,THOMPSON 6-29-32BHD,PETRO HUNT,2018-01-01,2023-12-01,7236.5,32419.649999999994,2018-01-01,559.99,25080.643399753524,72,"Permian Basin, US",Permian
33-053-06426-0000,ETSTATIS 32-29HS,EMERALD BAY ENERGY,2018-01-01,2023-12-01,10663.63,35472.74999999999,2018-01-01,438.65,26491.015560751912,72,"Permian Basin, US",Permian
33-053-06534-0000,AN-PROSSER- 152-95-1102H-7,XTO ENERGY INC,2018-01-01,2023-12-01,14252.39,63123.79,2018-01-01,556.38,26461.416687110686,72,"Bakken Shale, US",Williston
33-053-06555-0000,BOULDER 3-4H1,EMERALD BAY ENERGY,2018-01-01,2023-12-01,9668.61,60890.780000000006,2018-02-01,440.14,26345.311482358677,72,"Permian Basin, US",Permian
33-053-06879-0000,NORDENG 34X-23F,KODIAK OIL & GAS,2018-01-01,2023-12-01,17345.04,90448.46,2018-02-01,646.25,25459.339911335093,72,"Eagle Ford, US",Gulf Coast
33-053-06940-0000,HARLEY FEDERAL 24X-15E,XTO ENERGY INC,2018-01-01,2023-12-01,8628.97,38135.78999999999,2018-01-01,699.88,25310.830899051893,72,"Bakken Shale, US",Williston
33-053-07068-0000,STENEHJEM 31X-28DXA,STATOIL OIL & GAS,2018-01-01,2023-12-01,9702.6,41166.95,2018-01-01,281.15,26932.899464142363,72,"Bakken Shale, US",Williston
33-053-07093-0000,JOHNSON 31X-6CXD,HESS BAKKEN INVESTMENTS II,2018-01-01,2023-12-01,8914.08,38329.78999999999,2018-01-01,464.49,25276.336940973073,72,"Permian Basin, US",Permian
33-053-07173-0000,HA-STATE- 152-95-1621H-7,XTO ENERGY INC,2018-01-01,2023-12-01,7009.549999999999,23985.38,2018-01-01,270.31,25124.043404675132,72,"Bakken Shale, US",Williston
33-053-07266-0000,ROLFSON S 5198 11-29 2TX,BURLINGTON RESOURCES,2018-01-01,2023-12-01,9956.009999999998,27046.27,2018-01-01,497.52,25794.361330189975,72,"Eagle Ford, US",Gulf Coast
33-053-07291-0000,GULLIKSON 14-35H,ENERPLUS RESOURCES,2018-01-01,2023-12-01,10836.580000000002,40341.380000000005,2018-01-01,764.68,25107.43734516926,72,"Eagle Ford, US",Gulf Coast
33-053-07344-0000,FORT BERTHOLD 152-94-13B-24-11H,EXXONMOBIL,2018-01-01,2023-12-01,23729.149999999998,84159.35,2018-01-01,1042.46,25528.705190518376,72,"Permian Basin, US",Permian
33-053-07393-0000,FORLAND  5198 41-33 5B,XTO ENERGY INC,2018-01-01,2023-12-01,5895.5599999999995,31714.27,2018-01-01,483.07,25487.356807658576,72,"Bakken Shale, US",Williston
33-053-07702-0000,WASP 150-94-11C-12H,PETRO SHALE,2018-01-01,2023-12-01,22288.739999999998,107913.57999999999,2018-01-01,624.71,24928.82842477961,72,"Bakken Shale, US",Williston
33-053-07717-0000,HAGEN BANKS 5198 13-6 11B,PETRO HUNT,2018-01-01,2023-12-01,9158.890000000001,40914.93000000001,2018-01-01,529.36,26539.928982996546,72,"Permian Basin, US",Permian
33-053-04335-0000,ROWE 150-101-1-12-4H,STATOIL OIL & GAS,2018-01-01,2023-12-01,8184.459999999999,39189.06,2018-01-01,562.27,25436.655694300694,72,"Bakken Shale, US",Williston
33-053-04607-0000,LUCILLE 1X-27H,ENERPLUS RESOURCES,2018-01-01,2023-12-01,11181.49,32049.960000000003,2018-01-01,436.17,26180.239161323567,72,"Eagle Ford, US",Gulf Coast
33-053-04726-0000,ROLLEFSTAD FEDERAL 7-3H-1,CONOCO PHILLIPS,2018-01-01,2023-12-01,10436.929999999998,37317.439999999995,2018-01-01,344.33,25660.923144004388,72,"Bakken Shale, US",Williston
33-053-04734-0000,WAHPETON 10-16H2,EXXONMOBIL,2018-01-01,2023-12-01,11168.96,54038.030000000006,2018-01-01,613.6,25562.87020630508,72,"Permian Basin, US",Permian
33-053-05059-0000,SALERS 2-27H,EMERALD BAY ENERGY,2018-01-01,2023-12-01,5601.419999999999,35400.649999999994,2018-01-01,428.45,25284.513934978066,72,"Permian Basin, US",Permian
33-053-05069-0000,SUNLINE 21-1MBH-5SH,QEP ENERGY COMPANY,2018-01-01,2023-12-01,6115.02,29217.979999999996,2018-01-01,471.96,24577.733827285625,72,"Bakken Shale, US",Williston
33-053-05164-0000,BIG BEND 41-2TFH,QEP ENERGY COMPANY,2018-01-01,2023-12-01,19683.42,93273.28,2018-01-01,1243.19,25130.342723267822,72,"Bakken Shale, US",Williston
33-053-05298-0000,WISNESS 14-34H,PETRO HUNT,2018-01-01,2023-12-01,14456.57,77386.5,2018-01-01,758.94,25348.7679003221,72,"Permian Basin, US",Permian
33-053-05307-0000,BRATCHER 14-36H,EMERALD BAY ENERGY,2018-01-01,2023-12-01,8215.85,50965.99,2018-04-01,270.37,25362.271934635508,72,"Permian Basin, US",Permian
33-053-05330-0000,HOFFMANN 149-98-11-2-10H,MARATHON OIL,2018-01-01,2023-12-01,6839.789999999999,39164.409999999996,2018-01-01,457.64,26085.57084512624,72,"Bakken Shale, US",Williston
33-053-05410-0000,MATTIE 13-36H,CONOCO PHILLIPS,2018-01-01,2023-12-01,7978.8,26597.260000000002,2018-01-01,424.2,19756.68131216374,72,"Bakken Shale, US",Williston
33-053-05469-0000,HA-NELSON- 152-95-3328H-9,MARATHON OIL,2018-01-01,2023-12-01,3335.57,20034.039999999997,2018-01-01,310.64,26344.720207768387,72,"Bakken Shale, US",Williston
33-053-05470-0000,HA-NELSON- 152-95-3328H-8,CONOCO PHILLIPS,2018-01-01,2023-12-01,8454.81,41131.67,2018-01-01,367.89,26002.985393375508,72,"Bakken Shale, US",Williston
33-053-05573-0000,SLUGGER 6-16-21H,CONOCO PHILLIPS,2018-01-01,2023-12-01,23594.39,109345.53,2018-01-01,914.56,25251.063070405573,72,"Bakken Shale, US",Williston
33-053-05629-0000,GUY FEDERAL 24X-35E,PETRO HUNT,2018-01-01,2023-12-01,9265.539999999999,59923.21000000001,2018-01-01,416.08,25141.19218657898,72,"Permian Basin, US",Permian
33-053-05771-0000,WHITE 5198 13-6 12B,HESS BAKKEN INVESTMENTS II,2018-01-01,2023-12-01,4785.610000000001,13903.74,2018-01-01,354.8,25850.77519107696,72,"Permian Basin, US",Permian
33-053-05775-0000,BILLY RAY VALENTINE 1-8-5H,PETRO SHALE,2018-01-01,2023-12-01,7961.15,23797.530000000002,2018-01-01,483.08,24962.479187460525,72,"Bakken Shale, US",Williston
33-053-05817-0000,BW-KRAETSCH- 149-99-1423H-5,DENBURY RESOURCES,2018-01-01,2023-12-01,70841.63,401363.33,2018-01-01,2246.24,25996.110867222043,72,"Permian Basin, US",Permian
33-053-05827-0000,STATE 2-16-21TH,WHITING PETROLEUM,2018-01-01,2023-12-01,1494.0500000000002,5657.47,2018-01-01,93.3,25556.870730245908,72,"Eagle Ford, US",Gulf Coast
33-053-05839-0000,HA-ROLFSRUD- 152-96-1720H-4,CONOCO PHILLIPS,2018-01-01,2023-12-01,5845.47,25740.48,2018-01-01,240.79,24750.456620668636,72,"Bakken Shale, US",Williston
33-053-05869-0000,PAULSON  150-101-23-14-4H,PETRO HUNT,2018-01-01,2023-12-01,4064.3399999999997,17632.37,2018-01-01,215.99,25651.83182022095,72,"Permian Basin, US",Permian
33-053-06106-0000,SKEDSVOLD 21-4-3H,CONTINENTAL RESOURCES,2018-01-01,2023-12-01,9135.539999999999,35774.740000000005,2018-01-01,526.09,24937.988858799337,72,"Permian Basin, US",Permian
33-053-06136-0000,NORFOLK 7-1H,CONTINENTAL RESOURCES,2018-01-01,2023-12-01,10084.499999999998,60896.380000000005,2018-01-01,558.98,25694.547574954497,72,"Permian Basin, US",Permian
33-053-06273-0000,KINGS CANYON 4-8-34UTFH,OASIS PETROLEUM,2018-01-01,2023-12-01,10173.749999999998,38041.01,2018-01-01,720.91,24900.081761233236,72,"Eagle Ford, US",Gulf Coast
33-053-06323-0000,BADGER 150-94-04B-09H TF,PETRO SHALE,2018-01-01,2023-12-01,15404.810000000003,60726.55999999999,2018-01-01,635.83,26318.7084831323,72,"Bakken Shale, US",Williston
33-053-06330-0000,HEINZ 18-19 4H,EXXONMOBIL,2018-01-01,2023-12-01,6815.489999999999,28874.609999999993,2018-01-01,676.48,25791.034842332327,72,"Permian Basin, US",Permian
33-053-06470-0000,STENEHJEM 5H,OASIS PETROLEUM,2018-01-01,2023-12-01,12214.76,92050.22000000002,2018-01-01,877.82,25444.949990835117,72,"Eagle Ford, US",Gulf Coast
33-053-06522-0000,DEANE USA  24-22H,OASIS PETROLEUM,2018-01-01,2023-12-01,17856.27,62233.74999999999,2018-01-01,625.34,25721.86155946144,72,"Eagle Ford, US",Gulf Coast
33-053-06556-0000,NOONAN FEDERAL 3-18-19H,CONTINENTAL RESOURCES,2018-01-01,2023-12-01,6804.070000000001,38671.57,2018-01-01,546.26,25296.283480434435,72,"Permian Basin, US",Permian
33-053-06629-0000,THOMPSON 153-95-8D-6-3H,XTO ENERGY INC,2018-01-01,2023-12-01,9425.31,26980.73,2018-01-01,815.8,27784.859162862424,72,"Bakken Shale, US",Williston
33-053-06746-0000,ROEN 24X-23A,BURLINGTON RESOURCES,2018-01-01,2023-12-01,15742.950000000003,71491.14,2018-01-01,522.78,25642.788166819926,72,"Eagle Ford, US",Gulf Coast
33-053-06825-0000,GUDMUNSON 1-1-26MBH,PETRO HUNT,2018-01-01,2023-12-01,14294.06,56652.530000000006,2018-01-01,547.76,25601.237556212003,72,"Permian Basin, US",Permian
33-053-06876-0000,NORDENG 34X-23AXB,PRIMA EXPLORATION,2018-01-01,2023-12-01,11785.400000000003,64343.17999999999,2018-01-01,707.48,26229.707143893163,72,"Eagle Ford, US",Gulf Coast
33-053-06985-0000,JOHNSRUD  5198 14-18 12B,CONTINENTAL RESOURCES,2018-01-01,2023-12-01,2921.4599999999996,10249.33,2018-01-01,249.56,25468.038634877244,72,"Permian Basin, US",Permian
33-053-07216-0000,LUND 21X-17AXD,KODIAK OIL & GAS,2018-01-01,2023-12-01,9760.939999999999,37594.59,2018-01-01,711.45,26094.375273158006,72,"Eagle Ford, US",Gulf Coast
33-053-07529-0000,FLATLAND 43-9-2H,QEP ENERGY COMPANY,2018-01-01,2023-12-01,6274.020000000001,25796.309999999998,2018-02-01,341.53,23834.00601570999,72,"Bakken Shale, US",Williston
33-053-07555-0000,TARENTAISE FEDERAL 12-19H2,QEP ENERGY COMPANY,2018-01-01,2023-12-01,7779.980000000001,27331.059999999998,2018-01-01,341.4,25820.847537912072,72,"Bakken Shale, US",Williston
33-053-07715-0000,WHITE 5198 13-6 15T,WHITING PETROLEUM,2018-01-01,2023-12-01,8286.489999999998,60166.07,2018-01-01,572.43,25619.794644992766,72,"Eagle Ford, US",Gulf Coast
