shale_play,production_month,oil_and_gas_group,total_production,prev_month_production,mom_growth_pct,yoy_growth_pct,production_rank
"Permian Basin, US",2018-01-01,G,269737.8100000001,,,,1
"Bakken Shale, US",2018-01-01,G,252117.73000000004,,,,2
"Eagle Ford, US",2018-01-01,G,246812.56999999998,,,,3
"Permian Basin, US",2018-01-01,O,58670.47000000001,,,,1
"Bakken Shale, US",2018-01-01,O,56027.49000000002,,,,2
"Eagle Ford, US",2018-01-01,O,52966.59,,,,3
"Permian Basin, US",2018-02-01,G,246392.52,269737.8100000001,-8.654808163527433,,1
"Bakken Shale, US",2018-02-01,G,229379.5300000001,252117.73000000004,-9.018881774002944,,2
"Eagle Ford, US",2018-02-01,G,223349.90999999995,246812.56999999998,-9.506266232712553,,3
"Permian Basin, US",2018-02-01,O,53970.57000000003,58670.47000000001,-8.01067385347344,,1
"Bakken Shale, US",2018-02-01,O,51109.60999999999,56027.49000000002,-8.777619700614867,,2
"Eagle Ford, US",2018-02-01,O,47775.00999999999,52966.59,-9.801612676972427,,3
"Permian Basin, US",2018-03-01,G,227979.52999999994,246392.52,-7.473031242993923,,1
"Bakken Shale, US",2018-03-01,G,209691.72000000006,229379.5300000001,-8.583071907070355,,2
"Eagle Ford, US",2018-03-01,G,205203.67,223349.90999999995,-8.124579051766771,,3
"Permian Basin, US",2018-03-01,O,49753.64999999999,53970.57000000003,-7.813369397432786,,1
"Bakken Shale, US",2018-03-01,O,46898.23999999999,51109.60999999999,-8.23987895818419,,2
"Eagle Ford, US",2018-03-01,O,43278.619999999995,47775.00999999999,-9.411594053041524,,3
"Permian Basin, US",2018-04-01,G,208491.84999999998,227979.52999999994,-8.547995515211374,,1
"Bakken Shale, US",2018-04-01,G,195576.83000000005,209691.72000000006,-6.731257676745658,,2
"Eagle Ford, US",2018-04-01,G,188785.64,205203.67,-8.00084618369642,,3
"Permian Basin, US",2018-04-01,O,45872.530000000006,49753.64999999999,-7.800673920405803,,1
"Bakken Shale, US",2018-04-01,O,43303.57000000001,46898.23999999999,-7.664829213207115,,2
"Eagle Ford, US",2018-04-01,O,40565.74999999999,43278.619999999995,-6.268383788577368,,3
"Permian Basin, US",2018-05-01,G,196270.00999999995,208491.84999999998,-5.862022904012807,,1
"Bakken Shale, US",2018-05-01,G,181453.89999999994,195576.83000000005,-7.221167251764999,,2
"Eagle Ford, US",2018-05-01,G,172620.20999999993,188785.64,-8.562849377738731,,3
"Permian Basin, US",2018-05-01,O,43005.48000000003,45872.530000000006,-6.250036786721756,,1
"Bakken Shale, US",2018-05-01,O,40220.55,43303.57000000001,-7.119551575077998,,2
"Eagle Ford, US",2018-05-01,O,37341.42000000002,40565.74999999999,-7.948404750312697,,3
"Permian Basin, US",2018-06-01,G,180311.52999999994,196270.00999999995,-8.130880515061886,,1
"Bakken Shale, US",2018-06-01,G,168920.17000000004,181453.89999999994,-6.90739080284298,,2
"Eagle Ford, US",2018-06-01,G,160065.30999999997,172620.20999999993,-7.273134472493094,,3
"Permian Basin, US",2018-06-01,O,40028.530000000006,43005.48000000003,-6.922257349528535,,1
"Bakken Shale, US",2018-06-01,O,37375.19000000001,40220.55,-7.074393562494777,,2
"Eagle Ford, US",2018-06-01,O,34393.89,37341.42000000002,-7.893459863068997,,3
"Permian Basin, US",2018-07-01,G,172217.40000000008,180311.52999999994,-4.4889697292235615,,1
"Bakken Shale, US",2018-07-01,G,158156.49000000002,168920.17000000004,-6.372051366038773,,2
"Eagle Ford, US",2018-07-01,G,150987.81,160065.30999999997,-5.671122618636089,,3
"Permian Basin, US",2018-07-01,O,37067.62,40028.530000000006,-7.39699909039878,,1
"Bakken Shale, US",2018-07-01,O,35485.75,37375.19000000001,-5.055332160184361,,2
"Eagle Ford, US",2018-07-01,O,32265.35,34393.89,-6.188715495688336,,3
"Permian Basin, US",2018-08-01,G,160405.07000000004,172217.40000000008,-6.858964309065193,,1
"Bakken Shale, US",2018-08-01,G,151357.12000000008,158156.49000000002,-4.299140680221176,,2
"Eagle Ford, US",2018-08-01,G,140228.02000000005,150987.81,-7.126264034162724,,3
"Permian Basin, US",2018-08-01,O,35132.54999999999,37067.62,-5.220378324802116,,1
"Bakken Shale, US",2018-08-01,O,32623.66,35485.75,-8.065462897078406,,2
"Eagle Ford, US",2018-08-01,O,30091.870000000006,32265.35,-6.736266614185163,,3
"Permian Basin, US",2018-09-01,G,151401.18,160405.07000000004,-5.613220330255173,,1
"Bakken Shale, US",2018-09-01,G,139633.21999999994,151357.12000000008,-7.745852986631969,,2
"Eagle Ford, US",2018-09-01,G,132943.84999999998,140228.02000000005,-5.194518185452571,,3
"Permian Basin, US",2018-09-01,O,32801.69999999999,35132.54999999999,-6.634445834418508,,1
"Bakken Shale, US",2018-09-01,O,30796.63000000001,32623.66,-5.600321974910208,,2
"Eagle Ford, US",2018-09-01,O,28354.92,30091.870000000006,-5.7721570643499645,,3
"Permian Basin, US",2018-10-01,G,141072.12000000005,151401.18,-6.822311424521223,,1
"Bakken Shale, US",2018-10-01,G,132070.42000000004,139633.21999999994,-5.416189643123538,,2
"Eagle Ford, US",2018-10-01,G,124701.21999999997,132943.84999999998,-6.20008371955529,,3
"Permian Basin, US",2018-10-01,O,30862.04999999999,32801.69999999999,-5.9132605932009685,,1
"Bakken Shale, US",2018-10-01,O,29213.130000000005,30796.63000000001,-5.14179635888733,,2
"Eagle Ford, US",2018-10-01,O,26748.89,28354.92,-5.6640258551249625,,3
"Permian Basin, US",2018-11-01,G,135820.26,141072.12000000005,-3.7228192218278435,,1
"Bakken Shale, US",2018-11-01,G,124666.58999999998,132070.42000000004,-5.605971420398343,,2
"Eagle Ford, US",2018-11-01,G,116404.89000000003,124701.21999999997,-6.652966185896132,,3
"Permian Basin, US",2018-11-01,O,29303.340000000004,30862.04999999999,-5.050571818787103,,1
"Bakken Shale, US",2018-11-01,O,27583.700000000008,29213.130000000005,-5.577731656963826,,2
"Eagle Ford, US",2018-11-01,O,24955.160000000003,26748.89,-6.705810970100052,,3
"Permian Basin, US",2018-12-01,G,128344.54000000002,135820.26,-5.504127292938466,,1
"Bakken Shale, US",2018-12-01,G,118070.43000000001,124666.58999999998,-5.291040687003611,,2
"Eagle Ford, US",2018-12-01,G,110223.49000000003,116404.89000000003,-5.310258014074832,,3
"Permian Basin, US",2018-12-01,O,27800.310000000012,29303.340000000004,-5.129210526854589,,1
"Bakken Shale, US",2018-12-01,O,25931.94999999999,27583.700000000008,-5.9881379220337285,,2
"Eagle Ford, US",2018-12-01,O,23515.819999999992,24955.160000000003,-5.767704955608423,,3
"Permian Basin, US",2019-01-01,G,120805.39000000006,128344.54000000002,-5.874149379474939,-55.21377221828856,1
"Bakken Shale, US",2019-01-01,G,111583.4300000001,118070.43000000001,-5.4941783476183765,-55.74153789184121,2
"Eagle Ford, US",2019-01-01,G,105855.22999999998,110223.49000000003,-3.9630935293375775,-57.11108635998564,3
"Permian Basin, US",2019-01-01,O,26567.450000000015,27800.310000000012,-4.434698749762131,-54.717509506912066,1
"Bakken Shale, US",2019-01-01,O,24919.570000000007,25931.94999999999,-3.903987166410483,-55.52260149437357,2
"Eagle Ford, US",2019-01-01,O,22090.119999999988,23515.819999999992,-6.062727134329165,-58.294237933761664,3
"Permian Basin, US",2019-02-01,G,115750.07999999999,120805.39000000006,-4.18467255475941,-53.0220803780894,1
"Bakken Shale, US",2019-02-01,G,107763.30999999998,111583.4300000001,-3.4235549131265355,-53.019648265911115,2
"Eagle Ford, US",2019-02-01,G,99844.01000000001,105855.22999999998,-5.678718000045886,-55.297044892473856,3
"Permian Basin, US",2019-02-01,O,25197.070000000003,26567.450000000015,-5.158116416893646,-53.31331501594296,1
"Bakken Shale, US",2019-02-01,O,23593.159999999996,24919.570000000007,-5.322764397620064,-53.8381138106904,2
"Eagle Ford, US",2019-02-01,O,20981.329999999998,22090.119999999988,-5.019393285323894,-56.08304425263333,3
"Permian Basin, US",2019-03-01,G,110189.51000000004,115750.07999999999,-4.803944843925766,-51.66692816675249,1
"Bakken Shale, US",2019-03-01,G,101349.09000000001,107763.30999999998,-5.952137142038392,-51.66757657383898,2
"Eagle Ford, US",2019-03-01,G,94650.41999999998,99844.01000000001,-5.201704138285336,-53.87488927464115,3
"Permian Basin, US",2019-03-01,O,23940.940000000002,25197.070000000003,-4.985222488170256,-51.88103787360323,1
"Bakken Shale, US",2019-03-01,O,22440.69,23593.159999999996,-4.8847632110323405,-52.15025126742495,2
"Eagle Ford, US",2019-03-01,O,19968.630000000005,20981.329999999998,-4.8266720937137615,-53.86028944545828,3
"Permian Basin, US",2019-04-01,G,105408.28000000004,110189.51000000004,-4.339097251634929,-49.44249379532099,1
"Bakken Shale, US",2019-04-01,G,98008.79999999999,101349.09000000001,-3.2958263364772415,-49.88731538393379,2
"Eagle Ford, US",2019-04-01,G,90371.29999999999,94650.41999999998,-4.520973071223557,-52.13020439478343,3
"Permian Basin, US",2019-04-01,O,22866.449999999986,23940.940000000002,-4.488086098540893,-50.15219348049915,1
"Bakken Shale, US",2019-04-01,O,21382.71000000001,22440.69,-4.714560915907615,-50.621369092663706,2
"Eagle Ford, US",2019-04-01,O,19045.09,19968.630000000005,-4.624954240726601,-53.05130559646992,3
"Permian Basin, US",2019-05-01,G,100149.32999999994,105408.28000000004,-4.989124194038739,-48.973697000372105,1
"Bakken Shale, US",2019-05-01,G,93243.76000000004,98008.79999999999,-4.861849140077167,-48.61297552711732,2
"Eagle Ford, US",2019-05-01,G,85889.3,90371.29999999999,-4.959539145724346,-50.24377504812442,3
"Permian Basin, US",2019-05-01,O,21940.8,22866.449999999986,-4.048070426323227,-48.98138562806418,1
"Bakken Shale, US",2019-05-01,O,20426.099999999995,21382.71000000001,-4.473754729872943,-49.21476707802356,2
"Eagle Ford, US",2019-05-01,O,18171.590000000007,19045.09,-4.586483970409133,-51.33663904586382,3
"Permian Basin, US",2019-06-01,G,96223.53000000003,100149.32999999994,-3.9199463441242375,-46.634843595415084,1
"Bakken Shale, US",2019-06-01,G,89875.59000000001,93243.76000000004,-3.612220270825657,-46.79404478458672,2
"Eagle Ford, US",2019-06-01,G,81766.84000000001,85889.3,-4.7997364048839515,-48.91657661488299,3
"Permian Basin, US",2019-06-01,O,20766.54,21940.8,-5.351947057536637,-48.12065294428749,1
"Bakken Shale, US",2019-06-01,O,19571.299999999996,20426.099999999995,-4.184841942416807,-47.63558392612856,2
"Eagle Ford, US",2019-06-01,O,17283.55,18171.590000000007,-4.886969164503534,-49.748196554678756,3
"Permian Basin, US",2019-07-01,G,92546.90000000002,96223.53000000003,-3.820926128983216,-46.26158564697877,1
"Bakken Shale, US",2019-07-01,G,85480.04000000004,89875.59000000001,-4.890705029029544,-45.95224008828217,2
"Eagle Ford, US",2019-07-01,G,78727.15000000001,81766.84000000001,-3.717509445149161,-47.85860527416087,3
"Permian Basin, US",2019-07-01,O,20133.749999999996,20766.54,-3.04716144336035,-45.683726119993686,1
"Bakken Shale, US",2019-07-01,O,18651.600000000006,19571.299999999996,-4.699227951132475,-47.439183334155246,2
"Eagle Ford, US",2019-07-01,O,16419.559999999998,17283.55,-4.998915153426244,-49.11085731287589,3
"Permian Basin, US",2019-08-01,G,89108.70000000004,92546.90000000002,-3.7150893222787382,-44.447703554507335,1
"Bakken Shale, US",2019-08-01,G,83219.45999999999,85480.04000000004,-2.644570592152325,-45.01780953548803,2
"Eagle Ford, US",2019-08-01,G,76117.15000000002,78727.15000000001,-3.3152476623375606,-45.71901535798623,3
"Permian Basin, US",2019-08-01,O,19136.119999999995,20133.749999999996,-4.955013348233693,-45.531650848002776,1
"Bakken Shale, US",2019-08-01,O,17972.64,18651.600000000006,-3.6402238950009984,-44.90918554202686,2
"Eagle Ford, US",2019-08-01,O,15686.14000000001,16419.559999999998,-4.466745759325995,-47.87249845223974,3
"Permian Basin, US",2019-09-01,G,85059.99999999999,89108.70000000004,-4.543551864183916,-43.818139330221875,1
"Bakken Shale, US",2019-09-01,G,79625.43000000001,83219.45999999999,-4.318737468375768,-42.97529627978211,2
"Eagle Ford, US",2019-09-01,G,72052.03000000001,76117.15000000002,-5.340609836285264,-45.802660296057304,3
"Permian Basin, US",2019-09-01,O,18533.390000000003,19136.119999999995,-3.149698057913477,-43.49869061664484,1
"Bakken Shale, US",2019-09-01,O,17230.98,17972.64,-4.12660577410998,-44.0491378439784,2
"Eagle Ford, US",2019-09-01,O,15195.730000000003,15686.14000000001,-3.126390558799085,-46.408841922318935,3
"Permian Basin, US",2019-10-01,G,82547.52999999998,85059.99999999999,-2.953762050317425,-41.48558198459061,1
"Bakken Shale, US",2019-10-01,G,75785.25999999997,79625.43000000001,-4.822793421649392,-42.61753691704778,2
"Eagle Ford, US",2019-10-01,G,70102.93999999999,72052.03000000001,-2.7051146234186954,-43.78327653891437,3
"Permian Basin, US",2019-10-01,O,17559.229999999996,18533.390000000003,-5.25624292155945,-43.10413598578188,1
"Bakken Shale, US",2019-10-01,O,16722.050000000003,17230.98,-2.9535754785856443,-42.7584445761204,2
"Eagle Ford, US",2019-10-01,O,14409.59,15195.730000000003,-5.1734270087715615,-46.13013848425112,3
"Permian Basin, US",2019-11-01,G,79287.82,82547.52999999998,-3.948888597878068,-41.62298025346145,1
"Bakken Shale, US",2019-11-01,G,75274.97,75785.25999999997,-0.6733367412079403,-39.61897088867193,2
"Eagle Ford, US",2019-11-01,G,66997.59999999999,70102.93999999999,-4.429685830579997,-42.44434232960491,3
"Permian Basin, US",2019-11-01,O,17005.530000000002,17559.229999999996,-3.1533273383855303,-41.96726379996274,1
"Bakken Shale, US",2019-11-01,O,16510.34,16722.050000000003,-1.266052906192738,-40.14457813853836,2
"Eagle Ford, US",2019-11-01,O,13891.990000000005,14409.59,-3.5920522374335073,-44.33219422355936,3
"Permian Basin, US",2019-12-01,G,77182.81999999995,79287.82,-2.654884445051028,-39.86279431910392,1
"Bakken Shale, US",2019-12-01,G,72710.41999999997,75274.97,-3.4069093617706283,-38.4177562493844,2
"Eagle Ford, US",2019-12-01,G,64742.170000000006,66997.59999999999,-3.366434021517168,-41.262819749220434,3
"Permian Basin, US",2019-12-01,O,16312.450000000003,17005.530000000002,-4.07561540275428,-41.32277661651976,1
"Bakken Shale, US",2019-12-01,O,15961.880000000001,16510.34,-3.321918264554207,-38.447050838830066,2
"Eagle Ford, US",2019-12-01,O,13455.210000000001,13891.990000000005,-3.1441139822300777,-42.782305698886944,3
"Permian Basin, US",2020-01-01,G,74820.14999999998,77182.81999999995,-3.0611345892777315,-38.06555320089613,1
"Bakken Shale, US",2020-01-01,G,69778.18000000002,72710.41999999997,-4.0327644923519195,-37.46546418227154,2
"Eagle Ford, US",2020-01-01,G,63469.480000000025,64742.170000000006,-1.9657821169725704,-40.04124312043908,3
"Permian Basin, US",2020-01-01,O,15843.820000000007,16312.450000000003,-2.872836391835656,-40.363791030001,1
"Bakken Shale, US",2020-01-01,O,15171.529999999999,15961.880000000001,-4.951484411610676,-39.11801046326243,2
"Eagle Ford, US",2020-01-01,O,12874.949999999995,13455.210000000001,-4.3125302392159295,-41.716251428240305,3
"Permian Basin, US",2020-02-01,G,72574.90999999999,74820.14999999998,-3.0008493701228764,-37.300337071041334,1
"Bakken Shale, US",2020-02-01,G,67663.57999999997,69778.18000000002,-3.0304602384299058,-37.21093013939532,2
"Eagle Ford, US",2020-02-01,G,59927.37000000001,63469.480000000025,-5.580808287699874,-39.97900324716525,3
"Permian Basin, US",2020-02-01,O,15265.98,15843.820000000007,-3.647100257387468,-39.41366992273309,1
"Bakken Shale, US",2020-02-01,O,14626.090000000002,15171.529999999999,-3.5951548723167464,-38.00707493188702,2
"Eagle Ford, US",2020-02-01,O,12316.849999999999,12874.949999999995,-4.33477411562761,-41.296142808868645,3
"Permian Basin, US",2020-03-01,G,68960.69,72574.90999999999,-4.979985507388142,-37.4162840001739,1
"Bakken Shale, US",2020-03-01,G,65668.15999999997,67663.57999999997,-2.9490310740283014,-35.20596978226448,2
"Eagle Ford, US",2020-03-01,G,58363.24,59927.37000000001,-2.610042790130806,-38.338107744265685,3
"Permian Basin, US",2020-03-01,O,14832.939999999993,15265.98,-2.836634136819296,-38.04361900577007,1
"Bakken Shale, US",2020-03-01,O,14209.380000000001,14626.090000000002,-2.8490868031032277,-36.680289242443074,2
"Eagle Ford, US",2020-03-01,O,12054.870000000006,12316.849999999999,-2.1270048754348094,-39.630961162583496,3
"Permian Basin, US",2020-04-01,G,66960.15000000002,68960.69,-2.9009860545188557,-36.475436275025075,1
"Bakken Shale, US",2020-04-01,G,63622.54999999999,65668.15999999997,-3.1150712917797403,-35.084859726881675,2
"Eagle Ford, US",2020-04-01,G,56703.239999999976,58363.24,-2.8442560762562565,-37.255256923381666,3
"Permian Basin, US",2020-04-01,O,14292.86,14832.939999999993,-3.641085314172328,-37.49418908488196,1
"Bakken Shale, US",2020-04-01,O,13710.279999999995,14209.380000000001,-3.512468524312854,-35.88146684868293,2
"Eagle Ford, US",2020-04-01,O,11488.299999999994,12054.870000000006,-4.699926253870943,-39.6784158016581,3
"Permian Basin, US",2020-05-01,G,65557.53000000001,66960.15000000002,-2.0947085692012477,-34.54022108784947,1
"Bakken Shale, US",2020-05-01,G,60948.239999999976,63622.54999999999,-4.203399580809026,-34.63558312105823,2
"Eagle Ford, US",2020-05-01,G,55429.05000000001,56703.239999999976,-2.247120270376025,-35.46454564189019,3
"Permian Basin, US",2020-05-01,O,14057.300000000005,14292.86,-1.6480956225695615,-35.93077736454457,1
"Bakken Shale, US",2020-05-01,O,12946.190000000004,13710.279999999995,-5.5731173980399475,-36.61937423198747,2
"Eagle Ford, US",2020-05-01,O,11217.560000000003,11488.299999999994,-2.356658513444033,-38.26869305327713,3
"Permian Basin, US",2020-06-01,G,64574.809999999976,65557.53000000001,-1.4990192583522248,-32.89083241905597,1
"Bakken Shale, US",2020-06-01,G,58169.17,60948.239999999976,-4.559721494829021,-35.27812167908996,2
"Eagle Ford, US",2020-06-01,G,52784.12,55429.05000000001,-4.771739728535862,-35.44556693153362,3
"Permian Basin, US",2020-06-01,O,13311.949999999999,14057.300000000005,-5.302227312499595,-35.8971210418298,1
"Bakken Shale, US",2020-06-01,O,12472.39,12946.190000000004,-3.659763992340639,-36.272041203190376,2
"Eagle Ford, US",2020-06-01,O,10640.540000000005,11217.560000000003,-5.143899386319293,-38.435448735936745,3
"Permian Basin, US",2020-07-01,G,62590.689999999995,64574.809999999976,-3.072591309211721,-32.36868009625392,1
"Bakken Shale, US",2020-07-01,G,55700.20000000003,58169.17,-4.244464894376119,-34.83835524644115,2
"Eagle Ford, US",2020-07-01,G,51438.86000000001,52784.12,-2.5486074220807216,-34.66185426501531,3
"Permian Basin, US",2020-07-01,O,12945.170000000006,13311.949999999999,-2.7552687622774528,-35.70412863972182,1
"Bakken Shale, US",2020-07-01,O,12077.380000000001,12472.39,-3.1670754362235183,-35.24748547041543,2
"Eagle Ford, US",2020-07-01,O,10335.909999999998,10640.540000000005,-2.862918611273548,-37.05123645213392,3
"Permian Basin, US",2020-08-01,G,60323.29000000002,62590.689999999995,-3.6225834864577666,-32.303703229875424,1
"Bakken Shale, US",2020-08-01,G,55457.73999999999,55700.20000000003,-0.4352946668055817,-33.359649293566676,2
"Eagle Ford, US",2020-08-01,G,49783.42,51438.86000000001,-3.2182672788627307,-34.59631633606883,3
"Permian Basin, US",2020-08-01,O,12497.389999999998,12945.170000000006,-3.459050750202645,-34.69214239877258,1
"Bakken Shale, US",2020-08-01,O,11551.470000000005,12077.380000000001,-4.354504039783431,-35.72747242475226,2
"Eagle Ford, US",2020-08-01,O,9974.479999999998,10335.909999999998,-3.4968377240126935,-36.41214473414115,3
"Permian Basin, US",2020-09-01,G,59573.769999999975,60323.29000000002,-1.2425051750328064,-29.96264989419235,1
"Bakken Shale, US",2020-09-01,G,53086.97999999998,55457.73999999999,-4.274894721638512,-33.329113575901594,2
"Eagle Ford, US",2020-09-01,G,48638.10000000003,49783.42,-2.300605301925763,-32.49586444684485,3
"Permian Basin, US",2020-09-01,O,12055.360000000006,12497.389999999998,-3.5369785211151417,-34.95329240899801,1
"Bakken Shale, US",2020-09-01,O,11307.49,11551.470000000005,-2.112112138108872,-34.376976817337145,2
"Eagle Ford, US",2020-09-01,O,9699.189999999997,9974.479999999998,-2.759943375494271,-36.17160873482225,3
"Permian Basin, US",2020-10-01,G,57235.27,59573.769999999975,-3.9253852828182256,-30.663861171860614,1
"Bakken Shale, US",2020-10-01,G,52130.209999999985,53086.97999999998,-1.8022686541973139,-31.21325967609004,2
"Eagle Ford, US",2020-10-01,G,47067.639999999985,48638.10000000003,-3.228867903968374,-32.85924955501154,3
"Permian Basin, US",2020-10-01,O,11913.479999999998,12055.360000000006,-1.1769038834179006,-32.1526057805496,1
"Bakken Shale, US",2020-10-01,O,10909.16,11307.49,-3.5227092838463703,-34.76182645070432,2
"Eagle Ford, US",2020-10-01,O,9308.05,9699.189999999997,-4.032707885916223,-35.40378317495502,3
"Permian Basin, US",2020-11-01,G,54316.78,57235.27,-5.099111090067362,-31.494168965674685,1
"Bakken Shale, US",2020-11-01,G,50656.62999999998,52130.209999999985,-2.8267294530369287,-32.704549732799656,2
"Eagle Ford, US",2020-11-01,G,45894.84999999997,47067.639999999985,-2.491711927770366,-31.497770069375658,3
"Permian Basin, US",2020-11-01,O,11287.240000000003,11913.479999999998,-5.256566511212462,-33.62606163994888,1
"Bakken Shale, US",2020-11-01,O,10625.140000000007,10909.16,-2.6035001778321445,-35.64554091557166,2
"Eagle Ford, US",2020-11-01,O,9094.659999999998,9308.05,-2.2925317332846435,-34.533065457144765,3
"Permian Basin, US",2020-12-01,G,52949.71999999999,54316.78,-2.516828133037364,-31.39701296221099,1
"Bakken Shale, US",2020-12-01,G,48826.389999999985,50656.62999999998,-3.6130315024903914,-32.848152988251194,2
"Eagle Ford, US",2020-12-01,G,43812.22999999999,45894.84999999997,-4.537807618937598,-32.32814099372946,3
"Permian Basin, US",2020-12-01,O,11023.46,11287.240000000003,-2.336975203858554,-32.42302658398955,1
"Bakken Shale, US",2020-12-01,O,10317.6,10625.140000000007,-2.894455978933041,-35.360997576726554,2
"Eagle Ford, US",2020-12-01,O,8799.339999999997,9094.659999999998,-3.2471802134439502,-34.60273009488521,3
"Permian Basin, US",2021-01-01,G,51897.900000000016,52949.71999999999,-1.9864505421369008,-30.63646624605801,1
"Bakken Shale, US",2021-01-01,G,47825.0,48826.389999999985,-2.0509195949157517,-31.461382340439396,2
"Eagle Ford, US",2021-01-01,G,43291.13,43812.22999999999,-1.1893939203733555,-31.792209420968977,3
"Permian Basin, US",2021-01-01,O,10691.61,11023.46,-3.010397824276575,-32.51873601189615,1
"Bakken Shale, US",2021-01-01,O,10067.95,10317.6,-2.4196518570210093,-33.639191301075094,2
"Eagle Ford, US",2021-01-01,O,8645.779999999997,8799.339999999997,-1.7451308848163563,-32.8480498953394,3
"Permian Basin, US",2021-02-01,G,50182.530000000006,51897.900000000016,-3.3052782482528373,-30.85416158283901,1
"Bakken Shale, US",2021-02-01,G,46144.40999999999,47825.0,-3.5140407736539694,-31.803179790368752,2
"Eagle Ford, US",2021-02-01,G,42054.280000000006,43291.13,-2.857051779429161,-29.824585994679897,3
"Permian Basin, US",2021-02-01,O,10417.99,10691.61,-2.5592029638193012,-31.75682137668201,1
"Bakken Shale, US",2021-02-01,O,9739.870000000004,10067.95,-3.258657422811955,-33.407561419354025,2
"Eagle Ford, US",2021-02-01,O,8383.800000000001,8645.779999999997,-3.0301488124841947,-31.932271644129774,3
"Permian Basin, US",2021-03-01,G,49206.84,50182.530000000006,-1.9442822033883294,-28.645087512900474,1
"Bakken Shale, US",2021-03-01,G,44977.22000000002,46144.40999999999,-2.529428808386468,-31.508329150687274,2
"Eagle Ford, US",2021-03-01,G,40925.66000000001,42054.280000000006,-2.6837220848864733,-29.877676427833666,3
"Permian Basin, US",2021-03-01,O,10183.640000000003,10417.99,-2.2494742267941965,-31.344426661201304,1
"Bakken Shale, US",2021-03-01,O,9396.919999999998,9739.870000000004,-3.52109422405028,-33.868191293356944,2
"Eagle Ford, US",2021-03-01,O,8143.019999999999,8383.800000000001,-2.8719673656337514,-32.45037068006545,3
"Permian Basin, US",2021-04-01,G,48396.38999999998,49206.84,-1.647027120619855,-27.723593809153712,1
"Bakken Shale, US",2021-04-01,G,43849.170000000006,44977.22000000002,-2.508047407109681,-31.079200692207383,2
"Eagle Ford, US",2021-04-01,G,39807.990000000005,40925.66000000001,-2.730976116206813,-29.79591642382336,3
"Permian Basin, US",2021-04-01,O,9883.95,10183.640000000003,-2.9428573673068,-30.846940360431706,1
"Bakken Shale, US",2021-04-01,O,9170.33,9396.919999999998,-2.411322007636527,-33.113473977190814,2
"Eagle Ford, US",2021-04-01,O,7853.739999999998,8143.019999999999,-3.5524903537017067,-31.637056831733133,3
"Permian Basin, US",2021-05-01,G,46821.599999999984,48396.38999999998,-3.2539410480822935,-28.579371431474044,1
"Bakken Shale, US",2021-05-01,G,42835.21,43849.170000000006,-2.312381283385766,-29.71870885853305,2
"Eagle Ford, US",2021-05-01,G,38841.16000000002,39807.990000000005,-2.4287335281183178,-29.92634728540357,3
"Permian Basin, US",2021-05-01,O,9691.760000000002,9883.95,-1.944465522387291,-31.055323568537354,1
"Bakken Shale, US",2021-05-01,O,8947.98,9170.33,-2.424667378382243,-30.8832946218154,2
"Eagle Ford, US",2021-05-01,O,7655.619999999997,7853.739999999998,-2.5226197964282093,-31.753251152657132,3
"Permian Basin, US",2021-06-01,G,45430.94000000001,46821.599999999984,-2.9701248996189253,-29.64603380172543,1
"Bakken Shale, US",2021-06-01,G,42379.34999999999,42835.21,-1.0642179646137089,-27.1446541183242,2
"Eagle Ford, US",2021-06-01,G,38218.00999999999,38841.16000000002,-1.6043547618043084,-27.595629139976218,3
"Permian Basin, US",2021-06-01,O,9380.82,9691.760000000002,-3.2082924050946606,-29.530835076754343,1
"Bakken Shale, US",2021-06-01,O,8729.96,8947.98,-2.4365275738211354,-30.00571662688547,2
"Eagle Ford, US",2021-06-01,O,7461.390000000001,7655.619999999997,-2.5370903989486937,-29.877712973213782,3
"Permian Basin, US",2021-07-01,G,44562.78000000002,45430.94000000001,-1.9109443916414424,-28.802861895275438,1
"Bakken Shale, US",2021-07-01,G,41434.27999999998,42379.34999999999,-2.2300247644194977,-25.61197266796178,2
"Eagle Ford, US",2021-07-01,G,36674.51000000001,38218.00999999999,-4.038671819908934,-28.702716195498883,3
"Permian Basin, US",2021-07-01,O,9109.790000000005,9380.82,-2.8891930556176884,-29.627884376952945,1
"Bakken Shale, US",2021-07-01,O,8452.400000000001,8729.96,-3.1793960109782597,-30.01462237670752,2
"Eagle Ford, US",2021-07-01,O,7271.78,7461.390000000001,-2.541215510782863,-29.64547872417619,3
"Permian Basin, US",2021-08-01,G,43618.65,44562.78000000002,-2.1186514844900133,-27.691858318735623,1
"Bakken Shale, US",2021-08-01,G,40187.02999999999,41434.27999999998,-3.0101886650377083,-27.535759661320498,2
"Eagle Ford, US",2021-08-01,G,35958.03999999999,36674.51000000001,-1.9535911999915352,-27.77105309358016,3
"Permian Basin, US",2021-08-01,O,8876.149999999998,9109.790000000005,-2.5647133468499996,-28.975970182574123,1
"Bakken Shale, US",2021-08-01,O,8335.18,8452.400000000001,-1.3868250437745628,-27.843122996467145,2
"Eagle Ford, US",2021-08-01,O,7011.350000000002,7271.78,-3.58137897461141,-29.7071125512307,3
"Permian Basin, US",2021-09-01,G,42565.309999999954,43618.65,-2.4148844588267804,-28.550249547745643,1
"Bakken Shale, US",2021-09-01,G,39551.979999999996,40187.02999999999,-1.580236210538564,-25.495893720079742,2
"Eagle Ford, US",2021-09-01,G,35005.669999999984,35958.03999999999,-2.6485592651880085,-28.028294690787746,3
"Permian Basin, US",2021-09-01,O,8476.86,8876.149999999998,-4.498459354562477,-29.683891646537337,1
"Bakken Shale, US",2021-09-01,O,8087.679999999999,8335.18,-2.9693419938141816,-28.47501965511356,2
"Eagle Ford, US",2021-09-01,O,6788.280000000002,7011.350000000002,-3.1815556205295774,-30.011887590613195,3
"Permian Basin, US",2021-10-01,G,41638.220000000016,42565.309999999954,-2.17804122652916,-27.250766878534833,1
"Bakken Shale, US",2021-10-01,G,38428.70999999999,39551.979999999996,-2.8399842435195515,-26.283224257105424,2
"Eagle Ford, US",2021-10-01,G,34362.499999999985,35005.669999999984,-1.8373309238189088,-26.99336529301236,3
"Permian Basin, US",2021-10-01,O,8351.22,8476.86,-1.4821525895201906,-29.901086836088187,1
"Bakken Shale, US",2021-10-01,O,7840.360000000005,8087.679999999999,-3.057984489989642,-28.130488506906076,2
"Eagle Ford, US",2021-10-01,O,6650.49,6788.280000000002,-2.029821987307562,-28.55120030511224,3
"Permian Basin, US",2021-11-01,G,40955.62999999998,41638.220000000016,-1.6393352069325553,-24.59856788270589,1
"Bakken Shale, US",2021-11-01,G,37860.509999999995,38428.70999999999,-1.4785820289049443,-25.260503906398814,2
"Eagle Ford, US",2021-11-01,G,33080.51999999999,34362.499999999985,-3.7307530010912955,-27.921063038663352,3
"Permian Basin, US",2021-11-01,O,8095.100000000002,8351.22,-3.0668572974966195,-28.280961510519848,1
"Bakken Shale, US",2021-11-01,O,7652.870000000002,7840.360000000005,-2.391344275007822,-27.973937284591106,2
"Eagle Ford, US",2021-11-01,O,6495.989999999998,6650.49,-2.3231370921541394,-28.573580540668924,3
"Permian Basin, US",2021-12-01,G,39965.39999999999,40955.62999999998,-2.4178116659418896,-24.52198047506201,1
"Bakken Shale, US",2021-12-01,G,36581.51000000001,37860.509999999995,-3.3781900983372535,-25.078405345961436,2
"Eagle Ford, US",2021-12-01,G,32785.31000000001,33080.51999999999,-0.8923983057097573,-25.16858877076099,3
"Permian Basin, US",2021-12-01,O,7815.070000000001,8095.100000000002,-3.459253128435739,-29.105108559381527,1
"Bakken Shale, US",2021-12-01,O,7474.830000000003,7652.870000000002,-2.3264474635006085,-27.552628518260036,2
"Eagle Ford, US",2021-12-01,O,6376.689999999999,6495.989999999998,-1.8365176054765988,-27.532178549754853,3
"Permian Basin, US",2022-01-01,G,39018.52999999999,39965.39999999999,-2.3692243790879,-24.816745956965544,1
"Bakken Shale, US",2022-01-01,G,35459.18000000001,36581.51000000001,-3.0680253494183303,-25.85639309984316,2
"Eagle Ford, US",2022-01-01,G,32094.409999999985,32785.31000000001,-2.10734624745054,-25.863773941682773,3
"Permian Basin, US",2022-01-01,O,7653.719999999999,7815.070000000001,-2.064600828911338,-28.413774913226362,1
"Bakken Shale, US",2022-01-01,O,7319.680000000005,7474.830000000003,-2.07563248930073,-27.29721542121282,2
"Eagle Ford, US",2022-01-01,O,6147.630000000002,6376.689999999999,-3.5921457684158526,-28.894443300662243,3
"Permian Basin, US",2022-02-01,G,37728.000000000015,39018.52999999999,-3.3074798051079255,-24.818457738180978,1
"Bakken Shale, US",2022-02-01,G,34889.46999999997,35459.18000000001,-1.6066643391077724,-24.390690009905903,2
"Eagle Ford, US",2022-02-01,G,31475.889999999992,32094.409999999985,-1.9271891896439082,-25.154134133315353,3
"Permian Basin, US",2022-02-01,O,7656.580000000004,7653.719999999999,0.03736745007661922,-26.506168656333863,1
"Bakken Shale, US",2022-02-01,O,7101.709999999998,7319.680000000005,-2.97786242021518,-27.086193142208316,2
"Eagle Ford, US",2022-02-01,O,5964.72,6147.630000000002,-2.975292917758577,-28.854218850640528,3
"Permian Basin, US",2022-03-01,G,37780.47,37728.000000000015,0.1390744274808805,-23.221100968889683,1
"Bakken Shale, US",2022-03-01,G,34119.83999999999,34889.46999999997,-2.2059091181378894,-24.139731179472694,2
"Eagle Ford, US",2022-03-01,G,30684.07999999999,31475.889999999992,-2.5156079780428815,-25.0248377179501,3
"Permian Basin, US",2022-03-01,O,7415.9299999999985,7656.580000000004,-3.1430482016775763,-27.17800315015067,1
"Bakken Shale, US",2022-03-01,O,7107.07,7101.709999999998,0.07547478001779138,-24.3680908212478,2
"Eagle Ford, US",2022-03-01,O,5823.519999999999,5964.72,-2.3672527796778664,-28.48451802893767,3
"Permian Basin, US",2022-04-01,G,36853.08000000001,37780.47,-2.4546809502369666,-23.85159306303626,1
"Bakken Shale, US",2022-04-01,G,33161.98000000001,34119.83999999999,-2.8073402454407144,-24.37261640300146,2
"Eagle Ford, US",2022-04-01,G,29549.620000000003,30684.07999999999,-3.6972267051838883,-25.76962564550484,3
"Permian Basin, US",2022-04-01,O,7168.89,7415.9299999999985,-3.3312072794645875,-27.469382180201237,1
"Bakken Shale, US",2022-04-01,O,6799.350000000003,7107.07,-4.329773028828992,-25.854903803897972,2
"Eagle Ford, US",2022-04-01,O,5647.200000000002,5823.519999999999,-3.0277220650053063,-28.095404227794617,3
"Permian Basin, US",2022-05-01,G,35735.28999999999,36853.08000000001,-3.0330979120334454,-23.677768380405613,1
"Bakken Shale, US",2022-05-01,G,32336.70000000001,33161.98000000001,-2.4886330671449612,-24.509066256474494,2
"Eagle Ford, US",2022-05-01,G,29026.579999999994,29549.620000000003,-1.7700396824054185,-25.26850382429366,3
"Permian Basin, US",2022-05-01,O,7147.970000000002,7168.89,-0.29181644578167965,-26.24693554111946,1
"Bakken Shale, US",2022-05-01,O,6636.159999999999,6799.350000000003,-2.400082360813961,-25.836222253514208,2
"Eagle Ford, US",2022-05-01,O,5638.999999999999,5647.200000000002,-0.145204703215798,-26.341694075724746,3
"Permian Basin, US",2022-06-01,G,35365.10999999999,35735.28999999999,-1.0358947695681227,-22.156332226451873,1
"Bakken Shale, US",2022-06-01,G,32190.559999999998,32336.70000000001,-0.45193232457243293,-24.04187416748958,2
"Eagle Ford, US",2022-06-01,G,28629.660000000003,29026.579999999994,-1.3674363290473457,-25.088564265904967,3
"Permian Basin, US",2022-06-01,O,6932.649999999999,7147.970000000002,-3.012323778639296,-26.097611935843574,1
"Bakken Shale, US",2022-06-01,O,6537.299999999997,6636.159999999999,-1.489716944739149,-25.116495379131198,2
"Eagle Ford, US",2022-06-01,O,5430.160000000001,5638.999999999999,-3.7034935272211094,-27.223211760811328,3
"Permian Basin, US",2022-07-01,G,34329.47000000001,35365.10999999999,-2.9284229569764806,-22.963805220410414,1
"Bakken Shale, US",2022-07-01,G,31268.49999999999,32190.559999999998,-2.8643801164068243,-24.53470894148515,2
"Eagle Ford, US",2022-07-01,G,27954.94,28629.660000000003,-2.356716775539789,-23.775559646195703,3
"Permian Basin, US",2022-07-01,O,6894.2800000000025,6932.649999999999,-0.5534680100682461,-24.32009958517157,1
"Bakken Shale, US",2022-07-01,O,6422.389999999996,6537.299999999997,-1.7577593195968018,-24.016965595570554,2
"Eagle Ford, US",2022-07-01,O,5345.369999999999,5430.160000000001,-1.561464118921022,-26.491588029340836,3
"Permian Basin, US",2022-08-01,G,33947.49,34329.47000000001,-1.112688311238159,-22.172075476888907,1
"Bakken Shale, US",2022-08-01,G,31352.51000000001,31268.49999999999,0.26867294561626,-21.983510600310556,2
"Eagle Ford, US",2022-08-01,G,27334.600000000006,27954.94,-2.219071119451492,-23.98195229773366,3
"Permian Basin, US",2022-08-01,O,6537.490000000001,6894.2800000000025,-5.175159697604415,-26.347684525385418,1
"Bakken Shale, US",2022-08-01,O,6294.120000000003,6422.389999999996,-1.99723156021346,-24.487293615734725,2
"Eagle Ford, US",2022-08-01,O,5176.78,5345.369999999999,-3.153944441638264,-26.165717015981254,3
"Permian Basin, US",2022-09-01,G,33498.02,33947.49,-1.3240154132161204,-21.30206499142134,1
"Bakken Shale, US",2022-09-01,G,30422.430000000008,31352.51000000001,-2.9665248492066554,-23.082409527917413,2
"Eagle Ford, US",2022-09-01,G,27263.160000000007,27334.600000000006,-0.26135374214365187,-22.11787404726143,3
"Permian Basin, US",2022-09-01,O,6541.3099999999995,6537.490000000001,0.058432211750974745,-22.833336872379643,1
"Bakken Shale, US",2022-09-01,O,6100.6299999999965,6294.120000000003,-3.074139037705129,-24.568850399620203,2
"Eagle Ford, US",2022-09-01,O,5062.89,5176.78,-2.200016226302826,-25.417189626827426,3
"Permian Basin, US",2022-10-01,G,32320.81,33498.02,-3.5142674104320064,-22.377061267268417,1
"Bakken Shale, US",2022-10-01,G,30032.389999999996,30422.430000000008,-1.2820803597872086,-21.84908106465192,2
"Eagle Ford, US",2022-10-01,G,26520.06999999999,27263.160000000007,-2.725619480647211,-22.82264096034922,3
"Permian Basin, US",2022-10-01,O,6305.2699999999995,6541.3099999999995,-3.608451518120988,-24.4988157418916,1
"Bakken Shale, US",2022-10-01,O,6063.290000000001,6100.6299999999965,-0.6120679339674037,-22.66566841318515,2
"Eagle Ford, US",2022-10-01,O,4994.320000000001,5062.89,-1.3543647995512387,-24.902977073869735,3
"Permian Basin, US",2022-11-01,G,31575.909999999996,32320.81,-2.3047070911898713,-22.90215044915678,1
"Bakken Shale, US",2022-11-01,G,29088.509999999987,30032.389999999996,-3.142873411007277,-23.16926000204437,2
"Eagle Ford, US",2022-11-01,G,25791.059999999998,26520.06999999999,-2.7488992299039614,-22.035506092407235,3
"Permian Basin, US",2022-11-01,O,6146.790000000001,6305.2699999999995,-2.5134530321461046,-24.067769391360216,1
"Bakken Shale, US",2022-11-01,O,5952.100000000001,6063.290000000001,-1.833822891532478,-22.223949969096562,2
"Eagle Ford, US",2022-11-01,O,4872.6799999999985,4994.320000000001,-2.4355668038892606,-24.989416547747147,3
"Permian Basin, US",2022-12-01,G,30679.829999999998,31575.909999999996,-2.8378596214645855,-23.234022429401413,1
"Bakken Shale, US",2022-12-01,G,28789.129999999994,29088.509999999987,-1.0292036271366043,-21.301417027345273,2
"Eagle Ford, US",2022-12-01,G,25051.149999999998,25791.059999999998,-2.8688623112039595,-23.590321396991556,3
"Permian Basin, US",2022-12-01,O,6099.919999999998,6146.790000000001,-0.762511815110043,-21.946700413432026,1
"Bakken Shale, US",2022-12-01,O,5718.830000000004,5952.100000000001,-3.9191209825103352,-23.49217306614329,2
"Eagle Ford, US",2022-12-01,O,4794.38,4872.6799999999985,-1.6069185745831531,-24.813970884581167,3
"Permian Basin, US",2023-01-01,G,30698.839999999997,30679.829999999998,0.061962533690696465,-21.322407584293916,1
"Bakken Shale, US",2023-01-01,G,27924.81,28789.129999999994,-3.002244249826211,-21.24800968324706,2
"Eagle Ford, US",2023-01-01,G,25224.46999999999,25051.149999999998,0.6918644453447943,-21.40540985174676,3
"Permian Basin, US",2023-01-01,O,5979.0599999999995,6099.919999999998,-1.9813374601633922,-21.88034054028629,1
"Bakken Shale, US",2023-01-01,O,5687.440000000001,5718.830000000004,-0.5488884964232567,-22.2993354900761,2
"Eagle Ford, US",2023-01-01,O,4680.290000000002,4794.38,-2.379661186639322,-23.868385052451103,3
"Permian Basin, US",2023-02-01,G,30130.539999999997,30698.839999999997,-1.8512100131470743,-20.137457591179004,1
"Bakken Shale, US",2023-02-01,G,27647.909999999993,27924.81,-0.9915913483386591,-20.755717985971085,2
"Eagle Ford, US",2023-02-01,G,24575.539999999997,25224.46999999999,-2.5726209510050886,-21.92265254453487,3
"Permian Basin, US",2023-02-01,O,5880.0599999999995,5979.0599999999995,-1.655778667549749,-23.20252645437001,1
"Bakken Shale, US",2023-02-01,O,5521.349999999999,5687.440000000001,-2.9202945437666497,-22.253231968075283,2
"Eagle Ford, US",2023-02-01,O,4571.96,4680.290000000002,-2.3146001636651086,-23.349964457677817,3
"Permian Basin, US",2023-03-01,G,29392.47000000001,30130.539999999997,-2.4495744185135377,-22.201947196527712,1
"Bakken Shale, US",2023-03-01,G,27093.839999999997,27647.909999999993,-2.004021280451203,-20.592124699295177,2
"Eagle Ford, US",2023-03-01,G,23941.27,24575.539999999997,-2.5808995448319627,-21.974945965464805,3
"Permian Basin, US",2023-03-01,O,5751.510000000001,5880.0599999999995,-2.1862021816103643,-22.443847231567688,1
"Bakken Shale, US",2023-03-01,O,5385.680000000001,5521.349999999999,-2.457188912131965,-24.22081110781234,2
"Eagle Ford, US",2023-03-01,O,4492.3499999999985,4571.96,-1.7412663277894271,-22.85851169052395,3
"Permian Basin, US",2023-04-01,G,28986.869999999988,29392.47000000001,-1.3799452716972078,-21.34478312260473,1
"Bakken Shale, US",2023-04-01,G,26612.200000000004,27093.839999999997,-1.7776734490201174,-19.750871329154666,2
"Eagle Ford, US",2023-04-01,G,23498.78,23941.27,-1.8482311088760188,-20.476879228903798,3
"Permian Basin, US",2023-04-01,O,5576.509999999998,5751.510000000001,-3.0426792268465617,-22.21236481519457,1
"Bakken Shale, US",2023-04-01,O,5303.789999999998,5385.680000000001,-1.5205136584424443,-21.99563193540565,2
"Eagle Ford, US",2023-04-01,O,4400.83,4492.3499999999985,-2.0372410876267133,-22.07058365207539,3
"Permian Basin, US",2023-05-01,G,28593.51000000001,28986.869999999988,-1.3570281993191362,-19.985230286363944,1
"Bakken Shale, US",2023-05-01,G,25983.74,26612.200000000004,-2.3615484627351466,-19.646284252876786,2
"Eagle Ford, US",2023-05-01,G,23375.09999999999,23498.78,-0.5263251964570398,-19.470016791506282,3
"Permian Basin, US",2023-05-01,O,5512.219999999998,5576.509999999998,-1.1528715989032565,-22.88411954722814,1
"Bakken Shale, US",2023-05-01,O,5200.86,5303.789999999998,-1.9406876969110487,-21.628471887356536,2
"Eagle Ford, US",2023-05-01,O,4336.850000000001,4400.83,-1.4538166664015346,-23.09186025891112,3
"Permian Basin, US",2023-06-01,G,28210.500000000007,28593.51000000001,-1.3394997676046134,-20.230701954553478,1
"Bakken Shale, US",2023-06-01,G,25798.590000000007,25983.74,-0.7125610093081064,-19.85665984064891,2
"Eagle Ford, US",2023-06-01,G,22576.23999999999,23375.09999999999,-3.4175682670876313,-21.14387666496917,3
"Permian Basin, US",2023-06-01,O,5432.379999999997,5512.219999999998,-1.4484182416522031,-21.640642467166256,1
"Bakken Shale, US",2023-06-01,O,5138.330000000001,5200.86,-1.2023011578854044,-21.39981337861192,2
"Eagle Ford, US",2023-06-01,O,4215.06,4336.850000000001,-2.8082594509840284,-22.376872872990855,3
"Permian Basin, US",2023-07-01,G,27890.290000000005,28210.500000000007,-1.135073820031558,-18.75700382208057,1
"Bakken Shale, US",2023-07-01,G,25003.660000000007,25798.590000000007,-3.081292427221798,-20.0356269088699,2
"Eagle Ford, US",2023-07-01,G,22281.999999999993,22576.23999999999,-1.3033171156933043,-20.293157488443924,3
"Permian Basin, US",2023-07-01,O,5304.2300000000005,5432.379999999997,-2.359002867987824,-23.06332205828602,1
"Bakken Shale, US",2023-07-01,O,4983.680000000002,5138.330000000001,-3.0097327341762536,-22.401473594720883,2
"Eagle Ford, US",2023-07-01,O,4120.360000000001,4215.06,-2.246705859465816,-22.917216207671288,3
"Permian Basin, US",2023-08-01,G,26940.54,27890.290000000005,-3.4053070082813894,-20.6405539849927,1
"Bakken Shale, US",2023-08-01,G,24763.539999999994,25003.660000000007,-0.9603394063109699,-21.015765563905454,2
"Eagle Ford, US",2023-08-01,G,22000.12,22281.999999999993,-1.265056996678906,-19.515485867728103,3
"Permian Basin, US",2023-08-01,O,5154.2699999999995,5304.2300000000005,-2.827177554517827,-21.158273282253603,1
"Bakken Shale, US",2023-08-01,O,4912.27,4983.680000000002,-1.43287691023504,-21.954617960890506,2
"Eagle Ford, US",2023-08-01,O,4058.3099999999986,4120.360000000001,-1.5059363744915977,-21.605515397602392,3
"Permian Basin, US",2023-09-01,G,26616.710000000003,26940.54,-1.2020174799762666,-20.54243803066568,1
"Bakken Shale, US",2023-09-01,G,24112.39999999998,24763.539999999994,-2.629430202628599,-20.74137404540014,2
"Eagle Ford, US",2023-09-01,G,21457.31,22000.12,-2.467304723792405,-21.295587158641936,3
"Permian Basin, US",2023-09-01,O,5136.150000000001,5154.2699999999995,-0.3515531782386057,-21.481324077287255,1
"Bakken Shale, US",2023-09-01,O,4787.5199999999995,4912.27,-2.539559104039495,-21.52417045452679,2
"Eagle Ford, US",2023-09-01,O,3964.1099999999983,4058.3099999999986,-2.321163242827687,-21.70262439041737,3
"Permian Basin, US",2023-10-01,G,26270.419999999984,26616.710000000003,-1.301024807348538,-18.71979693578229,1
"Bakken Shale, US",2023-10-01,G,23806.36,24112.39999999998,-1.2692224747432,-20.731050708917927,2
"Eagle Ford, US",2023-10-01,G,21198.15,21457.31,-1.207793521182291,-20.06751867547857,3
"Permian Basin, US",2023-10-01,O,5018.510000000001,5136.150000000001,-2.29043154892282,-20.40769070951757,1
"Bakken Shale, US",2023-10-01,O,4724.309999999997,4787.5199999999995,-1.3203078002807878,-22.083390370574456,2
"Eagle Ford, US",2023-10-01,O,3920.1800000000017,3964.1099999999983,-1.1081932640617105,-21.507232215797124,3
"Permian Basin, US",2023-11-01,G,25668.839999999986,26270.419999999984,-2.2899519687922707,-18.707521018396655,1
"Bakken Shale, US",2023-11-01,G,23482.749999999996,23806.36,-1.3593426294486188,-19.271389287385272,2
"Eagle Ford, US",2023-11-01,G,20904.889999999992,21198.15,-1.3834226099919533,-18.945208145768362,3
"Permian Basin, US",2023-11-01,O,4952.34,5018.510000000001,-1.318518843242336,-19.43209382458162,1
"Bakken Shale, US",2023-11-01,O,4668.249999999998,4724.309999999997,-1.1866283118592689,-21.569698089749885,2
"Eagle Ford, US",2023-11-01,O,3804.5499999999997,3920.1800000000017,-2.9496094567086684,-21.920791022599452,3
"Permian Basin, US",2023-12-01,G,25206.580000000005,25668.839999999986,-1.8008604985655,-17.839896766051158,1
"Bakken Shale, US",2023-12-01,G,23460.100000000002,23482.749999999996,-0.09645377990224392,-18.510562840905553,2
"Eagle Ford, US",2023-12-01,G,20750.579999999998,20904.889999999992,-0.7381526523219882,-17.167155998826402,3
"Permian Basin, US",2023-12-01,O,4878.290000000001,4952.34,-1.4952527492054115,-20.026983960445346,1
"Bakken Shale, US",2023-12-01,O,4547.8600000000015,4668.249999999998,-2.578910726717651,-20.47569170617069,2
"Eagle Ford, US",2023-12-01,O,3771.03,3804.5499999999997,-0.8810503213257687,-21.34478284992011,3
