operator,production_year,shale_play,liquid_rich_production,dry_gas_production,ethane_dry_gas_ratio,basin_category
ENERPLUS RESOURCES USA CORPORATION,2023,Bakken,512491.60824999993,146480.06013700002,3.4987124375200027,Liquid-Rich
KODIAK OIL & GAS (USA) INC.,2023,Bakken,122819.86676,38150.786041499996,3.2193272931886106,Liquid-Rich
BURLINGTON RESOURCES OIL & GAS COMPANY LP,2025,Three Forks,1596537.68918,506932.5728070599,3.1494083726745394,Liquid-Rich
STATOIL OIL & GAS LP,2025,Three Forks,299350.39497,153573.9384213,1.9492265292356499,Liquid-Rich
"SLAWSON EXPLORATION COMPANY, INC.",2024,Three Forks,8860.43304,1182.6595080000002,7.4919560364283635,Liquid-Rich
ABRAXAS PETROLEUM CORP.,2024,Bakken,145880.066577,69789.46906599999,2.090287668459564,Liquid-Rich
SM ENERGY COMPANY,2024,Three Forks,233959.89105000003,65442.187808799994,3.5750621866975467,Liquid-Rich
HUNT OIL COMPANY,2024,Bakken,54024.60204,5146.481184800001,10.497386486044146,Liquid-Rich
"HESS BAKKEN INVESTMENTS II, LLC",2024,Three Forks,974617.9997500001,506862.87609770003,1.9228435257549583,Liquid-Rich
"PETRO-HUNT, L.L.C.",2023,Three Forks,445092.46057999996,138642.9457865,3.210350573951377,Liquid-Rich
"CONTINENTAL RESOURCES, INC.",2025,Three Forks,751508.1775860003,284517.44623267016,2.6413430442906427,Liquid-Rich
LIBERTY RESOURCES LLC,2025,Three Forks,3850.7629699999998,666.8084987,5.774915852913378,Liquid-Rich
QEP ENERGY COMPANY,2025,Three Forks,735890.7565729998,282926.3320070999,2.600997762748124,Liquid-Rich
"EOG RESOURCES, INC.",2025,Bakken,99608.90276,67104.95082599999,1.4843748715095737,Liquid-Rich
PETROSHALE (US) INC.,2025,Bakken,24313.444,10124.527134,2.4014399564747118,Liquid-Rich
WHITING OIL AND GAS CORPORATION,2024,Bakken,857637.3795039996,352318.67676440015,2.4342660099098645,Liquid-Rich
XTO ENERGY INC,2024,Bakken,1557622.4557320008,579707.4436073,2.6869112565460704,Liquid-Rich
"IRON OIL OPERATING, LLC",2024,Bakken,13625.3871,4862.50787,2.8021316292491676,Liquid-Rich
MARATHON OIL COMPANY,2023,Three Forks,252126.83674,86167.356749,2.9260133564782467,Liquid-Rich
"SHD OIL & GAS, LLC",2023,Three Forks,16758.298964,51136.475813000005,0.32771712750176807,Liquid-Rich
"IRON OIL OPERATING, LLC",2023,Bakken,16406.251200000002,4820.88779,3.4031597321206273,Liquid-Rich
"PEAK NORTH DAKOTA, LLC",2025,Bakken,35422.6003,16975.94745,2.086634657908298,Liquid-Rich
"HELIS OIL & GAS COMPANY, L.L.C.",2025,Three Forks,18002.816890000002,9104.4311676,1.9773686635214232,Liquid-Rich
"WPX ENERGY WILLISTON, LLC",2025,Bakken,266260.89552,91794.70030699999,2.9006129398485085,Liquid-Rich
ENERPLUS RESOURCES USA CORPORATION,2024,Bakken,451726.02307,134168.420764,3.36685801694408,Liquid-Rich
HESS CORPORATION,2024,Bakken,475966.2976499998,138719.30949390001,3.4311466758773745,Liquid-Rich
"ZAVANNA, LLC",2023,Bakken,19374.8891,19377.529302000003,0.9998637492964735,Liquid-Rich
GMX RESOURCES INC,2023,Bakken,3011.7640100000003,561.787007,5.361042481354504,Liquid-Rich
"ZENERGY, INC",2023,Bakken,26341.39307,4337.0300130000005,6.073601748441485,Liquid-Rich
"CONTINENTAL RESOURCES, INC.",2025,Bakken,973464.2916960003,466880.82464160025,2.085038066070238,Liquid-Rich
ABRAXAS PETROLEUM CORP.,2025,Three Forks,74117.8113,37991.378371,1.9509113508915599,Liquid-Rich
"HRC OPERATING, LLC",2025,Three Forks,116703.60205,53102.1081559,2.1977206951440675,Liquid-Rich
"SLAWSON EXPLORATION COMPANY, INC.",2024,Bakken,18122.0098,3992.8023230000003,4.538669419122154,Liquid-Rich
"ZENERGY, INC",2023,Three Forks,50516.86695,8733.605141,5.784194056684341,Liquid-Rich
TRIANGLE USA PETROLEUM CORPORATION,2025,Three Forks,20291.423929999997,5802.661157899999,3.49691691067888,Liquid-Rich
"SHD OIL & GAS, LLC",2025,Three Forks,11331.824009,37032.621057,0.30599573256125306,Liquid-Rich
ABRAXAS PETROLEUM CORP.,2022,Bakken,192782.5662,96730.0968906,1.9929946562343839,Liquid-Rich
"BRIGHAM OIL & GAS, L.P.",2022,Bakken,149732.42967,66721.26833445001,2.2441484313434295,Liquid-Rich
SM ENERGY COMPANY,2022,Bakken,235989.9706799999,56222.275573729996,4.197446088259488,Liquid-Rich
"ZENERGY, INC",2022,Three Forks,52696.24929000001,9029.180655999999,5.836216075152148,Liquid-Rich
"PETRO-HUNT, L.L.C.",2022,Bakken,598893.1264700003,197126.4315606999,3.0381168153271565,Liquid-Rich
TRIANGLE USA PETROLEUM CORPORATION,2022,Three Forks,30424.655209999994,8027.8241516,3.78990055530005,Liquid-Rich
GMX RESOURCES INC,2022,Bakken,3354.68897,575.724162,5.826903214112456,Liquid-Rich
XTO ENERGY INC,2018,Bakken,5526044.0,1200206.8323700589,4.60424307790989,Liquid-Rich
"ZENERGY, INC",2018,Bakken,53288.0,5548.333364000001,9.604325570225415,Liquid-Rich
"HRC OPERATING, LLC",2018,Three Forks,854917.0,82023.33295701005,10.422851269017292,Liquid-Rich
"PETRO-HUNT, L.L.C.",2018,Three Forks,1163452.0,154124.66663181002,7.548772207756869,Liquid-Rich
"HESS BAKKEN INVESTMENTS II, LLC",2018,Three Forks,3426442.0,529524.6671254192,6.470788261103686,Liquid-Rich
QEP ENERGY COMPANY,2018,Bakken,3918794.0,758956.1662832196,5.163399645583253,Liquid-Rich
NEWFIELD PRODUCTION COMPANY,2018,Three Forks,1340631.0,226558.66743179,5.91736796123072,Liquid-Rich
ENERPLUS RESOURCES USA CORPORATION,2018,Bakken,2386490.0,247186.33387727005,9.6546195032971,Liquid-Rich
OASIS PETROLEUM NORTH AMERICA LLC,2018,Three Forks,3661552.0,1068381.3339941404,3.4271957806594195,Liquid-Rich
"NORTH RANGE RESOURCES, LLC",2018,Duperow,16615.0,6594.666579999999,2.519460202944787,Liquid-Rich
"PETRO-HUNT, L.L.C.",2018,Bakken,1963094.0,353353.9981802301,5.55560149343128,Liquid-Rich
"BRIGHAM OIL & GAS, L.P.",2019,Bakken,262506.0,51226.50010749,5.124418015073767,Liquid-Rich
NEWFIELD PRODUCTION COMPANY,2019,Bakken,1623311.0,346279.8333447899,4.687858903939328,Liquid-Rich
"EMERALD OIL, INC",2019,Bakken,387053.0,63824.16670117004,6.064364331025484,Liquid-Rich
"HRC OPERATING, LLC",2019,Three Forks,495410.0,69808.99988904,7.09664944043668,Liquid-Rich
HESS CORPORATION,2019,Bakken,720715.0,129428.33331624007,5.568448434231425,Liquid-Rich
"WPX ENERGY WILLISTON, LLC",2019,Bakken,934717.0,179753.99977543,5.199978866493982,Liquid-Rich
SINCLAIR OIL & GAS COMPANY,2019,Bakken,77332.0,13237.66651269,5.841815090738792,Liquid-Rich
"IRON OIL OPERATING, LLC",2019,Bakken,62777.0,4886.666737500001,12.84658917258525,Liquid-Rich
SM ENERGY COMPANY,2017,Bakken,794988.0,119689.99996859001,6.642058653259479,Liquid-Rich
"EMERALD OIL, INC",2017,Bakken,557102.0,39802.666719550005,13.996599874208087,Liquid-Rich
"ENDURO OPERATING, LLC",2019,Silurian,1.0,,,Dry Gas
HUNT OIL COMPANY,2019,Bakken,49474.0,5232.3332903,9.45543742248181,Liquid-Rich
"MISSOURI RIVER RESOURCES ND, LLC",2017,Bakken,45782.0,5049.33320018,9.066939769070489,Liquid-Rich
TRIANGLE USA PETROLEUM CORPORATION,2019,Bakken,976820.0,274934.4999005,3.5529189692581884,Liquid-Rich
XTO ENERGY INC,2017,Three Forks,3990760.0,641278.5002668106,6.223130821226039,Liquid-Rich
STATOIL OIL & GAS LP,2017,Three Forks,1874589.0,212106.83369929003,8.837947214174433,Liquid-Rich
QEP ENERGY COMPANY,2019,Three Forks,1784716.0,374119.16655853967,4.770447920156851,Liquid-Rich
"G3 OPERATING, LLC",2017,Three Forks,62205.0,9338.000054,6.661490644707593,Liquid-Rich
"HRC OPERATING, LLC",2017,Bakken,1310896.0,155860.16657699,8.410718586987128,Liquid-Rich
ENERPLUS RESOURCES USA CORPORATION,2021,Three Forks,520792.0,103435.16669849999,5.034960706526831,Liquid-Rich
QEP ENERGY COMPANY,2021,Bakken,1657390.0,548739.33315674,3.020359394442368,Liquid-Rich
STATOIL OIL & GAS LP,2021,Three Forks,491359.0,158062.33363764005,3.1086406779647255,Liquid-Rich
"HRC OPERATING, LLC",2021,Three Forks,245427.0,41033.33310038,5.981161691145367,Liquid-Rich
"ZAVANNA, LLC",2021,Bakken,50509.0,24989.499763,2.021208926910363,Liquid-Rich
"NORTH RANGE RESOURCES, LLC",2021,Duperow,12298.0,,,Dry Gas
"MISSOURI RIVER RESOURCES ND, LLC",2021,Bakken,18183.0,4040.5000176900003,4.500185600888928,Liquid-Rich
KODIAK OIL & GAS (USA) INC.,2020,Three Forks,117966.0,19797.166783310004,5.9587314331993815,Liquid-Rich
TRUE OIL LLC,2020,Bakken,623.0,19.0,32.78947368421053,Liquid-Rich
"G3 OPERATING, LLC",2020,Three Forks,9990.0,979.66667407,10.197345959005427,Liquid-Rich
STATOIL OIL & GAS LP,2020,Bakken,884756.0,280330.66507715994,3.1561156527648317,Liquid-Rich
"EMERALD OIL, INC",2020,Three Forks,89062.0,14200.166608079999,6.2718982430335055,Liquid-Rich
"SLAWSON EXPLORATION COMPANY, INC.",2020,Middle Bakken / Three Forks Shale,12458.0,2228.999992,5.589053407228545,Liquid-Rich
"HRC OPERATING, LLC",2020,Three Forks,232842.0,50079.33351759,4.649462835167643,Liquid-Rich
"RESOLUTE NATURAL RESOURCES COMPANY, LLC",2020,Bakken,41446.0,4938.333252999999,8.39271022765057,Liquid-Rich
TRIANGLE USA PETROLEUM CORPORATION,2020,Bakken,587584.0,159634.33342103995,3.680812187502491,Liquid-Rich
HESS CORPORATION,2020,Three Forks,311671.0,60439.16659554001,5.156771966855664,Liquid-Rich
"PETRO-HUNT, L.L.C.",2016,Three Forks,1079501.0,214741.99998809997,5.026967244692799,Liquid-Rich
"PETRO-HUNT, L.L.C.",2016,Bakken,1739444.0,246941.00057290995,7.043965951237104,Liquid-Rich
XTO ENERGY INC,2016,Three Forks,4687279.0,613544.0005723892,7.639678646726446,Liquid-Rich
QEP ENERGY COMPANY,2016,Bakken,6710979.0,956760.66784016,7.014271411417553,Liquid-Rich
"SHD OIL & GAS, LLC",2016,Three Forks,302104.0,32135.66663079998,9.40089413643757,Liquid-Rich
"SLAWSON EXPLORATION COMPANY, INC.",2015,Middle Bakken / Three Forks Shale,108889.0,18453.833249,5.900616881638975,Liquid-Rich
BURLINGTON RESOURCES OIL & GAS COMPANY LP,2015,Bakken,6524243.0,771006.166843149,8.461985494504185,Liquid-Rich
"SHD OIL & GAS, LLC",2015,Bakken,301480.0,44273.16675819999,6.809542259458135,Liquid-Rich
GMX RESOURCES INC,2015,Bakken,30294.0,6504.833459999999,4.657152283188508,Liquid-Rich
WHITING OIL AND GAS CORPORATION,2015,Three Forks,1696466.0,342211.0015922902,4.957368384144376,Liquid-Rich
HESS CORPORATION,2014,Three Forks,1523937.0,226393.500153,6.731363749268867,Liquid-Rich
"SHD OIL & GAS, LLC",2014,Three Forks,128254.0,10029.166809999999,12.78810118823819,Liquid-Rich
"BRIGHAM OIL & GAS, L.P.",2014,Three Forks,353273.0,52811.66690314,6.6892984205161605,Liquid-Rich
"ENDURO OPERATING, LLC",2014,Silurian,1799.0,87.83333280000001,20.48197355890382,Liquid-Rich
"HRC OPERATING, LLC",2015,Three Forks,196882.0,19296.5000151,10.202990171582146,Liquid-Rich
"WPX ENERGY WILLISTON, LLC",2024,Bakken,301038.93111999996,110106.32240299997,2.7340748882536268,Liquid-Rich
"G3 OPERATING, LLC",2024,Bakken,6410.04495,7949.5032752,0.8063453436137784,Liquid-Rich
"SHD OIL & GAS, LLC",2024,Bakken,18711.541868,12414.6212877,1.507218096659846,Liquid-Rich
"PEAK NORTH DAKOTA, LLC",2023,Bakken,45504.5184,21492.507560000002,2.1172270510067928,Liquid-Rich
"PETRO-HUNT, L.L.C.",2023,Bakken,532428.0291699998,180393.61648039997,2.9514793237035017,Liquid-Rich
"WPX ENERGY WILLISTON, LLC",2023,Three Forks,378397.4961599999,97005.17867666,3.900796857673791,Liquid-Rich
"EOG RESOURCES, INC.",2023,Three Forks,41987.915010000004,19004.217785,2.2093998019292855,Liquid-Rich
"SLAWSON EXPLORATION COMPANY, INC.",2025,Middle Bakken / Three Forks Shale,34729.9099,4503.698645,7.711419577008575,Liquid-Rich
QEP ENERGY COMPANY,2025,Bakken,910019.24584,431992.5957911,2.106562137190103,Liquid-Rich
NEWFIELD PRODUCTION COMPANY,2025,Three Forks,453815.8944399999,152901.73694716993,2.96802314676648,Liquid-Rich
SINCLAIR OIL & GAS COMPANY,2025,Bakken,20861.526099999995,11950.2704753,1.7456948897615883,Liquid-Rich
"CONTINENTAL RESOURCES, INC.",2023,Bakken,1400412.4638999999,640357.0309040002,2.1869244754336807,Liquid-Rich
ABRAXAS PETROLEUM CORP.,2023,Three Forks,92175.15593,40183.874392000005,2.2938344628200076,Liquid-Rich
XTO ENERGY INC,2023,Three Forks,1103675.0958810002,368804.53197522985,2.992574657285195,Liquid-Rich
XTO ENERGY INC,2025,Three Forks,894347.1428909998,304402.9160721103,2.9380373697837276,Liquid-Rich
TRIANGLE USA PETROLEUM CORPORATION,2024,Bakken,563090.5253430003,160125.47659177997,3.5165579976915837,Liquid-Rich
HESS CORPORATION,2024,Three Forks,266330.76747,73557.53339440003,3.6207136805687927,Liquid-Rich
"EOG RESOURCES, INC.",2024,Bakken,115215.17792,74051.246921,1.5558843734652419,Liquid-Rich
PETROSHALE (US) INC.,2024,Bakken,28014.6761,12774.103564999998,2.1930835269535414,Liquid-Rich
OASIS PETROLEUM NORTH AMERICA LLC,2025,Bakken,568567.59415,438122.0264870998,1.2977379811483665,Liquid-Rich
HUNT OIL COMPANY,2025,Bakken,50119.56084,5268.9878343,9.512180027012441,Liquid-Rich
"PETRO-HUNT, L.L.C.",2024,Three Forks,405606.80290999997,113789.65500539998,3.5645314408480417,Liquid-Rich
OASIS PETROLEUM NORTH AMERICA LLC,2024,Bakken,666508.5644800001,546825.6018411,1.2188686159461828,Liquid-Rich
ENERPLUS RESOURCES USA CORPORATION,2025,Bakken,402633.14907000004,129318.60288599994,3.113497517638193,Liquid-Rich
LIBERTY RESOURCES LLC,2023,Three Forks,4402.968000000001,584.6458241999999,7.531000509624442,Liquid-Rich
"ZENERGY, INC",2024,Bakken,24487.76373,4377.757683999999,5.593677288146587,Liquid-Rich
BURLINGTON RESOURCES OIL & GAS COMPANY LP,2023,Bakken,2239725.5714800004,810696.8708684099,2.7627164381192566,Liquid-Rich
"G3 OPERATING, LLC",2025,Bakken,5796.65796,8864.9848449,0.6538824444053957,Liquid-Rich
PETROSHALE (US) INC.,2022,Bakken,39335.385299999994,9478.151037,4.150111677525064,Liquid-Rich
BURLINGTON RESOURCES OIL & GAS COMPANY LP,2022,Three Forks,2358358.5528599983,706324.6093639389,3.3389160190577996,Liquid-Rich
MARATHON OIL COMPANY,2022,Bakken,367892.10107,106434.01278850005,3.456527583913005,Liquid-Rich
"IRON OIL OPERATING, LLC",2022,Bakken,20886.3898,5265.821467,3.9664067479103546,Liquid-Rich
LIBERTY RESOURCES LLC,2022,Three Forks,4944.690970000001,644.4376805999999,7.672876864363789,Liquid-Rich
"HELIS OIL & GAS COMPANY, L.L.C.",2022,Three Forks,22944.89013,12384.04133627,1.852778871368889,Liquid-Rich
"PEAK NORTH DAKOTA, LLC",2022,Bakken,48563.840899999996,23866.53325134,2.034809177712199,Liquid-Rich
"BRIGHAM OIL & GAS, L.P.",2018,Bakken,338912.0,63414.333576159945,5.344406869670408,Liquid-Rich
"BRIGHAM OIL & GAS, L.P.",2018,Three Forks,175059.0,29058.666743629994,6.024330074894954,Liquid-Rich
WHITING OIL AND GAS CORPORATION,2018,Three Forks,1495660.0,565522.9981409702,2.6447377116698103,Liquid-Rich
HESS CORPORATION,2018,Three Forks,358708.0,67039.66695750001,5.350682905799696,Liquid-Rich
"G3 OPERATING, LLC",2018,Three Forks,58377.0,2425.8333378700004,24.06471998247738,Liquid-Rich
TRUE OIL LLC,2018,Bakken,5808.0,1040.83332934,5.580144136701401,Liquid-Rich
MARATHON OIL COMPANY,2018,Bakken,1956222.0,217117.83372999,9.009955407130573,Liquid-Rich
"CONTINENTAL RESOURCES, INC.",2019,Bakken,4365254.0,972977.5025460108,4.486490169173848,Liquid-Rich
"ZAVANNA, LLC",2019,Bakken,24694.0,2931.999844,8.422237828741167,Liquid-Rich
TRIANGLE USA PETROLEUM CORPORATION,2019,Three Forks,40856.0,11431.999920999999,3.5738278763411833,Liquid-Rich
NEWFIELD PRODUCTION COMPANY,2017,Bakken,2682646.0,409901.50059704005,6.544611317822953,Liquid-Rich
QEP ENERGY COMPANY,2017,Three Forks,4633136.0,802540.1671426201,5.773089235515662,Liquid-Rich
"EOG RESOURCES, INC.",2019,Bakken,295728.0,107359.33287774998,2.7545625710691155,Liquid-Rich
HESS CORPORATION,2017,Bakken,1095426.0,122860.99951937003,8.915978254167607,Liquid-Rich
PETROSHALE (US) INC.,2017,Bakken,184179.0,47991.33339,3.8377554235318985,Liquid-Rich
GMX RESOURCES INC,2017,Bakken,12514.0,2953.6666800000003,4.2367678400326465,Liquid-Rich
"RESOLUTE NATURAL RESOURCES COMPANY, LLC",2019,Bakken,39169.0,5248.999902,7.46218341232501,Liquid-Rich
TRIANGLE USA PETROLEUM CORPORATION,2017,Bakken,1658994.0,353204.66660682997,4.6969764469355395,Liquid-Rich
"CONTINENTAL RESOURCES, INC.",2019,Three Forks,2703499.0,530075.6671647702,5.100213360972174,Liquid-Rich
MARATHON OIL COMPANY,2019,Three Forks,505098.0,61169.83333133,8.25730548036819,Liquid-Rich
TRUE OIL LLC,2019,Bakken,4205.0,678.33332731,6.199017254062036,Liquid-Rich
"MISSOURI RIVER RESOURCES ND, LLC",2019,Three Forks,30867.0,4776.66662136,6.46203774447454,Liquid-Rich
SINCLAIR OIL & GAS COMPANY,2017,Bakken,102604.0,14560.499801880002,7.046736128299121,Liquid-Rich
QEP ENERGY COMPANY,2019,Bakken,2800869.0,621297.1662408505,4.508098784590661,Liquid-Rich
"HRC OPERATING, LLC",2017,Three Forks,1241886.0,133620.00020299997,9.294162536396387,Liquid-Rich
KODIAK OIL & GAS (USA) INC.,2019,Three Forks,129776.0,19046.999970959994,6.813461447884862,Liquid-Rich
HESS CORPORATION,2021,Three Forks,310234.0,59668.33334301,5.1993072810763055,Liquid-Rich
QEP ENERGY COMPANY,2021,Three Forks,1254994.0,335934.3333070698,3.7358313085933945,Liquid-Rich
"SLAWSON EXPLORATION COMPANY, INC.",2021,Three Forks,21727.0,1475.9999974999998,14.720189726829592,Liquid-Rich
"HELIS OIL & GAS COMPANY, L.L.C.",2021,Three Forks,33249.0,10881.666739889999,3.05550618253322,Liquid-Rich
ABRAXAS PETROLEUM CORP.,2021,Bakken,241844.0,85205.33292995,2.83836693882562,Liquid-Rich
NEWFIELD PRODUCTION COMPANY,2021,Bakken,996839.0,248772.16703340987,4.007035883021936,Liquid-Rich
HESS CORPORATION,2021,Bakken,592537.0,114560.33306278997,5.172270227908934,Liquid-Rich
"EMERALD OIL, INC",2021,Three Forks,72366.0,18077.833409410006,4.003023944358925,Liquid-Rich
"CONTINENTAL RESOURCES, INC.",2021,Bakken,2446309.0,718578.0013404301,3.404375023221798,Liquid-Rich
"SLAWSON EXPLORATION COMPANY, INC.",2021,Bakken,39931.0,7132.999988,5.5980653395733615,Liquid-Rich
PETROSHALE (US) INC.,2021,Bakken,52037.0,10374.499968,5.015856201311619,Liquid-Rich
KODIAK OIL & GAS (USA) INC.,2020,Bakken,172893.0,34453.33345563999,5.018179161752417,Liquid-Rich
"CONTINENTAL RESOURCES, INC.",2020,Bakken,2506214.0,544967.4997491498,4.598832042559636,Liquid-Rich
"MISSOURI RIVER RESOURCES ND, LLC",2020,Bakken,23779.0,5927.333339899999,4.011753454109125,Liquid-Rich
"BRIGHAM OIL & GAS, L.P.",2020,Bakken,359704.0,111247.16642975996,3.233376737079524,Liquid-Rich
"EOG RESOURCES, INC.",2020,Three Forks,39078.0,9317.49999597,4.194043468409122,Liquid-Rich
"PETRO-HUNT, L.L.C.",2020,Three Forks,442633.0,89220.99946024,4.961085424707137,Liquid-Rich
QEP ENERGY COMPANY,2020,Bakken,1984111.0,515778.83211400994,3.846825182545343,Liquid-Rich
WHITING OIL AND GAS CORPORATION,2016,Bakken,3860391.0,590124.5006698199,6.541655185673988,Liquid-Rich
"BRIGHAM OIL & GAS, L.P.",2016,Three Forks,231175.0,71691.16693543,3.2245953006764716,Liquid-Rich
"CONTINENTAL RESOURCES, INC.",2016,Bakken,5044075.0,849518.8321272297,5.937567019402538,Liquid-Rich
"ZENERGY, INC",2016,Three Forks,101817.0,13586.499969170003,7.493983014833804,Liquid-Rich
"BRIGHAM OIL & GAS, L.P.",2016,Bakken,600946.0,137505.3339211,4.370346828471543,Liquid-Rich
"SLAWSON EXPLORATION COMPANY, INC.",2016,Bakken,55533.0,5284.999978,10.507663241469933,Liquid-Rich
"SLAWSON EXPLORATION COMPANY, INC.",2015,Bakken,38509.0,3808.1665559999997,10.112215270449953,Liquid-Rich
NEWFIELD PRODUCTION COMPANY,2014,Bakken,2637057.0,421869.99888050003,6.250875878820147,Liquid-Rich
"ZENERGY, INC",2014,Bakken,163194.0,13054.666542800001,12.500817195518936,Liquid-Rich
KODIAK OIL & GAS (USA) INC.,2015,Three Forks,643558.0,62636.33291308999,10.274515925013654,Liquid-Rich
"HESS BAKKEN INVESTMENTS II, LLC",2015,Bakken,4830671.0,535419.3315343097,9.022219997468378,Liquid-Rich
MARATHON OIL COMPANY,2014,Three Forks,273353.0,21666.83337,12.61619523868614,Liquid-Rich
"HRC OPERATING, LLC",2014,Three Forks,111778.0,2040.000069,54.79313540160474,Liquid-Rich
WHITING OIL AND GAS CORPORATION,2014,Three Forks,767716.0,112943.16686200001,6.797365624943352,Liquid-Rich
"WPX ENERGY WILLISTON, LLC",2014,Bakken,337691.0,18430.999932000002,18.321903382664498,Liquid-Rich
STATOIL OIL & GAS LP,2015,Bakken,894764.0,92490.33307787999,9.674135341761376,Liquid-Rich
QEP ENERGY COMPANY,2014,Bakken,4291809.0,393818.16651949997,10.897945714211968,Liquid-Rich
"SHD OIL & GAS, LLC",2014,Bakken,143503.0,10518.999877000002,13.642266534651464,Liquid-Rich
TRIANGLE USA PETROLEUM CORPORATION,2015,Bakken,3666343.0,450577.3336893703,8.136989426386881,Liquid-Rich
LIBERTY RESOURCES LLC,2014,Three Forks,35265.0,4809.0000940400005,7.333125246494676,Liquid-Rich
NEWFIELD PRODUCTION COMPANY,2014,Three Forks,672833.0,98638.33388234998,6.821212134447808,Liquid-Rich
"HRC OPERATING, LLC",2014,Bakken,206153.0,28702.9998995,7.1822806229947815,Liquid-Rich
"SLAWSON EXPLORATION COMPANY, INC.",2015,Three Forks,78825.0,4462.999900999999,17.661887015130368,Liquid-Rich
"WPX ENERGY WILLISTON, LLC",2024,Three Forks,329716.75555000006,93254.53033566999,3.5356647485455506,Liquid-Rich
XTO ENERGY INC,2024,Three Forks,989229.6392739997,337564.52413747006,2.9304905241498216,Liquid-Rich
TRIANGLE USA PETROLEUM CORPORATION,2023,Bakken,624035.0643180001,175966.94791128006,3.5463197590528726,Liquid-Rich
"ZAVANNA, LLC",2025,Bakken,13900.177,17599.968332,0.7897842051639892,Liquid-Rich
WHITING OIL AND GAS CORPORATION,2025,Bakken,773685.3595440002,305511.8003345001,2.5324238170077367,Liquid-Rich
SM ENERGY COMPANY,2023,Bakken,208195.89078,52236.58108509999,3.985633945698371,Liquid-Rich
"MISSOURI RIVER RESOURCES ND, LLC",2023,Bakken,15249.928869999998,2508.33400155,6.079704242168889,Liquid-Rich
"HELIS OIL & GAS COMPANY, L.L.C.",2023,Three Forks,20856.97093,9207.5162292,2.26521142193112,Liquid-Rich
NEWFIELD PRODUCTION COMPANY,2025,Bakken,631721.8680499999,311262.51563675,2.0295468818585047,Liquid-Rich
"BRIGHAM OIL & GAS, L.P.",2023,Three Forks,84636.55496999998,41228.29013000001,2.052875700232198,Liquid-Rich
"G3 OPERATING, LLC",2023,Bakken,7161.44299,9652.984663099998,0.7418889845930974,Liquid-Rich
"EOG RESOURCES, INC.",2023,Bakken,135477.4066,67119.96427400001,2.0184368103497237,Liquid-Rich
WHITING OIL AND GAS CORPORATION,2023,Three Forks,393059.9712,243204.7856467,1.6161687367903708,Liquid-Rich
"BRIGHAM OIL & GAS, L.P.",2024,Three Forks,78994.10776999999,36949.829499,2.1378747572336665,Liquid-Rich
"BRIGHAM OIL & GAS, L.P.",2024,Bakken,129152.45194000003,53429.83821400002,2.4172345688697723,Liquid-Rich
"SHD OIL & GAS, LLC",2023,Bakken,22303.154833,14022.475888,1.590529020063165,Liquid-Rich
"HESS BAKKEN INVESTMENTS II, LLC",2025,Three Forks,875437.5653899999,480007.12710970006,1.823801181164397,Liquid-Rich
"CONTINENTAL RESOURCES, INC.",2023,Three Forks,1080475.6626999998,365856.8869225598,2.9532740842697374,Liquid-Rich
"SLAWSON EXPLORATION COMPANY, INC.",2025,Bakken,16831.694000000003,5896.735059999999,2.854409063445358,Liquid-Rich
QEP ENERGY COMPANY,2022,Bakken,1297518.2909999997,571506.0382707897,2.270349224875928,Liquid-Rich
"SHD OIL & GAS, LLC",2022,Bakken,25598.661019000003,15380.5699823,1.6643506091425095,Liquid-Rich
ENERPLUS RESOURCES USA CORPORATION,2022,Three Forks,452301.99164,106042.5958705,4.265285925217774,Liquid-Rich
"HESS BAKKEN INVESTMENTS II, LLC",2022,Three Forks,1224014.4540199998,580674.6295816567,2.1079179142058146,Liquid-Rich
"SLAWSON EXPLORATION COMPANY, INC.",2022,Bakken,21219.2508,6059.425712,3.5018583952564515,Liquid-Rich
"PETRO-HUNT, L.L.C.",2022,Three Forks,496768.76945999963,133463.24941347,3.7221390281080806,Liquid-Rich
ABRAXAS PETROLEUM CORP.,2022,Three Forks,105889.25184000004,43595.86288230001,2.428883037041371,Liquid-Rich
XTO ENERGY INC,2022,Bakken,2017253.971250003,725922.5966989808,2.7788830109754805,Liquid-Rich
"MISSOURI RIVER RESOURCES ND, LLC",2022,Bakken,17165.64416,3174.0258526300004,5.408161419282875,Liquid-Rich
"NORTH RANGE RESOURCES, LLC",2022,Duperow,10935.8429,,,Dry Gas
STATOIL OIL & GAS LP,2022,Bakken,662765.7918599998,252510.16019939998,2.6247094031251366,Liquid-Rich
GMX RESOURCES INC,2018,Bakken,9156.0,1930.6666730000002,4.74240329936021,Liquid-Rich
"EMERALD OIL, INC",2018,Bakken,517969.0,59371.833607749984,8.724153668927414,Liquid-Rich
"EOG RESOURCES, INC.",2018,Bakken,606302.0,154058.83404214,3.935522450041113,Liquid-Rich
ENERPLUS RESOURCES USA CORPORATION,2018,Three Forks,1693618.0,254797.33288059983,6.646922009947583,Liquid-Rich
KODIAK OIL & GAS (USA) INC.,2018,Bakken,240759.0,38430.333023650004,6.264816905225283,Liquid-Rich
"ZAVANNA, LLC",2018,Bakken,194068.0,20538.666230670002,9.448909574770825,Liquid-Rich
STATOIL OIL & GAS LP,2018,Bakken,1601176.0,233073.8342523301,6.869823054725813,Liquid-Rich
"ZENERGY, INC",2017,Bakken,64478.0,6432.000002999999,10.02456467194128,Liquid-Rich
"WPX ENERGY WILLISTON, LLC",2017,Bakken,2550067.0,193910.33342578003,13.150753520704189,Liquid-Rich
"ZENERGY, INC",2017,Three Forks,76463.0,6440.9999579999985,11.871293354850852,Liquid-Rich
"SHD OIL & GAS, LLC",2017,Three Forks,110603.0,19545.166764089998,5.658841458605972,Liquid-Rich
"SHD OIL & GAS, LLC",2019,Three Forks,17683.0,4415.0000245,4.005209490797818,Liquid-Rich
ENERPLUS RESOURCES USA CORPORATION,2019,Bakken,1351060.0,192670.33303734002,7.012288704240528,Liquid-Rich
LIBERTY RESOURCES LLC,2019,Three Forks,3984.0,433.1666584999999,9.19738378248242,Liquid-Rich
"CONTINENTAL RESOURCES, INC.",2017,Three Forks,6088703.0,909306.3346135097,6.69598656495441,Liquid-Rich
"IRON OIL OPERATING, LLC",2017,Bakken,12994.0,2063.1667,6.298085365569345,Liquid-Rich
KODIAK OIL & GAS (USA) INC.,2017,Bakken,435502.0,66283.66665744,6.570276237896039,Liquid-Rich
"SLAWSON EXPLORATION COMPANY, INC.",2019,Bakken,49454.0,4868.3332665,10.158302090841463,Liquid-Rich
"ZAVANNA, LLC",2017,Bakken,5079.0,14.833333,342.40450207650565,Liquid-Rich
"BRIGHAM OIL & GAS, L.P.",2021,Bakken,221823.0,81987.49951114999,2.705570987316584,Liquid-Rich
KODIAK OIL & GAS (USA) INC.,2021,Three Forks,110361.0,24231.499890280003,4.55444361676799,Liquid-Rich
HUNT OIL COMPANY,2021,Bakken,54616.0,3976.3333401,13.73526697302155,Liquid-Rich
"HESS BAKKEN INVESTMENTS II, LLC",2021,Three Forks,1374185.0,460006.8340560002,2.987314314188449,Liquid-Rich
"PETRO-HUNT, L.L.C.",2021,Three Forks,694148.0,133540.33341180003,5.198040039779195,Liquid-Rich
XTO ENERGY INC,2021,Three Forks,1666334.0,440934.99958282,3.7790921600157885,Liquid-Rich
MARATHON OIL COMPANY,2021,Three Forks,328482.0,69339.8332072,4.737277042741597,Liquid-Rich
"PEAK NORTH DAKOTA, LLC",2021,Bakken,69060.0,13988.49988,4.9369125061607395,Liquid-Rich
"SHD OIL & GAS, LLC",2021,Three Forks,28047.0,14481.833295609998,1.9367023102318217,Liquid-Rich
LIBERTY RESOURCES LLC,2020,Three Forks,5522.0,534.3333301,10.334373113065139,Liquid-Rich
"ZENERGY, INC",2020,Three Forks,36487.0,2133.50002315,17.101944974966006,Liquid-Rich
SM ENERGY COMPANY,2020,Bakken,295201.0,53489.833345370025,5.518824448264093,Liquid-Rich
"WPX ENERGY WILLISTON, LLC",2020,Bakken,619516.0,92071.16653106999,6.728664611748353,Liquid-Rich
QEP ENERGY COMPANY,2020,Three Forks,1369794.0,304724.16599898995,4.495193203694059,Liquid-Rich
MARATHON OIL COMPANY,2016,Bakken,651023.0,57037.16651499999,11.414013699800286,Liquid-Rich
ENERPLUS RESOURCES USA CORPORATION,2016,Three Forks,1367586.0,227065.16572857005,6.022878919414657,Liquid-Rich
HESS CORPORATION,2016,Three Forks,593129.0,71021.00029965997,8.351459392255839,Liquid-Rich
"HESS BAKKEN INVESTMENTS II, LLC",2016,Three Forks,3319064.0,409821.33314056,8.098807288935424,Liquid-Rich
PETROSHALE (US) INC.,2016,Bakken,3421.0,728.83331,4.693803031587565,Liquid-Rich
STATOIL OIL & GAS LP,2016,Bakken,1552020.0,178449.66660766996,8.697242362532341,Liquid-Rich
"WPX ENERGY WILLISTON, LLC",2015,Three Forks,983872.0,67388.33339400006,14.600034612038638,Liquid-Rich
OASIS PETROLEUM NORTH AMERICA LLC,2014,Three Forks,1005776.0,146028.33284491,6.887540112288953,Liquid-Rich
OASIS PETROLEUM NORTH AMERICA LLC,2015,Bakken,2107666.0,216465.50136160004,9.736729348290924,Liquid-Rich
XTO ENERGY INC,2015,Three Forks,4234216.0,502984.6664130298,8.418181075371074,Liquid-Rich
"G3 OPERATING, LLC",2014,Three Forks,253181.0,25136.666488000003,10.072178827724278,Liquid-Rich
SINCLAIR OIL & GAS COMPANY,2015,Bakken,25925.0,3843.8333417999997,6.744569208575463,Liquid-Rich
SM ENERGY COMPANY,2015,Bakken,1138492.0,91184.16654716997,12.485632573184217,Liquid-Rich
STATOIL OIL & GAS LP,2015,Three Forks,609800.0,60462.66650879998,10.085562467067959,Liquid-Rich
XTO ENERGY INC,2014,Bakken,2620890.0,317306.33279908,8.259809934709248,Liquid-Rich
NEWFIELD PRODUCTION COMPANY,2024,Bakken,687477.8708599996,328313.29626063,2.0939690188917854,Liquid-Rich
TRIANGLE USA PETROLEUM CORPORATION,2024,Three Forks,22850.89895,6373.1695525,3.5854842338277804,Liquid-Rich
QEP ENERGY COMPANY,2023,Three Forks,925848.7745219995,334736.03221410007,2.765907119105178,Liquid-Rich
SINCLAIR OIL & GAS COMPANY,2023,Bakken,28524.190080000004,16375.635569,1.7418676642998763,Liquid-Rich
ABRAXAS PETROLEUM CORP.,2025,Bakken,129841.690164,66887.068217,1.9412076747445104,Liquid-Rich
HESS CORPORATION,2025,Bakken,438867.15158000006,146338.49782089994,2.9989863099259,Liquid-Rich
"HESS BAKKEN INVESTMENTS II, LLC",2025,Bakken,1360238.4045260001,553524.1345564993,2.4574148074245494,Liquid-Rich
"PETRO-HUNT, L.L.C.",2024,Bakken,481222.29878999974,149705.0088979001,3.2144702594299757,Liquid-Rich
QEP ENERGY COMPANY,2024,Three Forks,821559.0476280001,292214.58145600016,2.8114923065593334,Liquid-Rich
QEP ENERGY COMPANY,2024,Bakken,1013723.0864399999,408372.1842423998,2.482350966975455,Liquid-Rich
NEWFIELD PRODUCTION COMPANY,2024,Three Forks,500923.16626,181776.44682840997,2.755709966830039,Liquid-Rich
NEWFIELD PRODUCTION COMPANY,2023,Bakken,752734.5946899998,375693.48532328993,2.0035870306408436,Liquid-Rich
"HRC OPERATING, LLC",2023,Bakken,204305.07834,68442.90507552002,2.985043929894113,Liquid-Rich
"EMERALD OIL, INC",2025,Bakken,166388.33119999996,46266.427202,3.5963081928402576,Liquid-Rich
ENERPLUS RESOURCES USA CORPORATION,2025,Three Forks,308148.35,94480.16148600006,3.261513794572218,Liquid-Rich
"BRIGHAM OIL & GAS, L.P.",2025,Three Forks,73838.96513,33937.086132,2.175760312561887,Liquid-Rich
"ZENERGY, INC",2024,Three Forks,47265.79078,7559.673116,6.252359070918326,Liquid-Rich
"WPX ENERGY WILLISTON, LLC",2025,Three Forks,292198.49936999986,76309.47455535003,3.8291247721547044,Liquid-Rich
WHITING OIL AND GAS CORPORATION,2023,Bakken,958517.9043879998,354791.6216352998,2.701636244875272,Liquid-Rich
"SHD OIL & GAS, LLC",2025,Bakken,15987.783986999999,11087.5675102,1.4419559540261693,Liquid-Rich
"RESOLUTE NATURAL RESOURCES COMPANY, LLC",2022,Bakken,26780.228059999994,11009.21072,2.4325293375799784,Liquid-Rich
"SLAWSON EXPLORATION COMPANY, INC.",2022,Middle Bakken / Three Forks Shale,47210.090899999996,4552.1095000000005,10.371035868095877,Liquid-Rich
"BRIGHAM OIL & GAS, L.P.",2022,Three Forks,91124.08514,46890.33106734,1.943344887224941,Liquid-Rich
NEWFIELD PRODUCTION COMPANY,2022,Three Forks,613575.6023799998,214961.4666712,2.8543515816186287,Liquid-Rich
WHITING OIL AND GAS CORPORATION,2022,Three Forks,473087.4665199999,222643.91135558012,2.124861459896118,Liquid-Rich
"WPX ENERGY WILLISTON, LLC",2022,Bakken,406680.9666999998,113450.81813299994,3.584645517701267,Liquid-Rich
"HELIS OIL & GAS COMPANY, L.L.C.",2018,Three Forks,102794.0,18595.16668,5.527995622139807,Liquid-Rich
NEWFIELD PRODUCTION COMPANY,2018,Bakken,2324810.0,445181.83310032,5.222158289366028,Liquid-Rich
HUNT OIL COMPANY,2018,Bakken,59391.0,6279.999980099999,9.457165635063312,Liquid-Rich
"WPX ENERGY WILLISTON, LLC",2018,Three Forks,1780819.0,259159.16621199992,6.871526197700594,Liquid-Rich
BURLINGTON RESOURCES OIL & GAS COMPANY LP,2018,Bakken,7974870.0,1027788.167853169,7.759254532631766,Liquid-Rich
SM ENERGY COMPANY,2018,Bakken,437201.0,63698.66656933995,6.863581665780705,Liquid-Rich
"SLAWSON EXPLORATION COMPANY, INC.",2018,Middle Bakken / Three Forks Shale,92027.0,12605.500114,7.300543347565591,Liquid-Rich
WHITING OIL AND GAS CORPORATION,2018,Bakken,2983641.0,735481.6646299686,4.05671703794426,Liquid-Rich
"SHD OIL & GAS, LLC",2018,Bakken,54276.0,20025.000067099998,2.710411975936647,Liquid-Rich
"HELIS OIL & GAS COMPANY, L.L.C.",2019,Three Forks,50830.0,9476.33345,5.363888920561359,Liquid-Rich
KODIAK OIL & GAS (USA) INC.,2019,Bakken,223253.0,42753.50016027998,5.221864856983395,Liquid-Rich
STATOIL OIL & GAS LP,2019,Bakken,1198080.0,225085.66635046003,5.322773410789209,Liquid-Rich
"ZENERGY, INC",2019,Bakken,36266.0,4373.333264,8.292530619271828,Liquid-Rich
"PETRO-HUNT, L.L.C.",2019,Bakken,1420894.0,301309.49998625,4.715729175697551,Liquid-Rich
ENERPLUS RESOURCES USA CORPORATION,2019,Three Forks,882803.0,130540.50008750001,6.762675180562859,Liquid-Rich
KODIAK OIL & GAS (USA) INC.,2017,Three Forks,224242.0,27551.333389140003,8.139061613925016,Liquid-Rich
TRUE OIL LLC,2017,Bakken,7786.0,1647.0,4.727383120825744,Liquid-Rich
"PETRO-HUNT, L.L.C.",2017,Three Forks,1045431.0,162373.1666019,6.43844683132371,Liquid-Rich
SM ENERGY COMPANY,2019,Bakken,371103.0,75572.66704220993,4.9105452344658715,Liquid-Rich
"ZENERGY, INC",2019,Three Forks,43054.0,4890.833328000001,8.802998816892007,Liquid-Rich
NEWFIELD PRODUCTION COMPANY,2019,Three Forks,839898.0,167116.99962888996,5.025808277225703,Liquid-Rich
"EMERALD OIL, INC",2017,Three Forks,173173.0,14820.66662674,11.684562129449347,Liquid-Rich
"BRIGHAM OIL & GAS, L.P.",2017,Bakken,437801.0,80584.49925611,5.432819016577875,Liquid-Rich
"MISSOURI RIVER RESOURCES ND, LLC",2021,Three Forks,20168.0,4127.8333275,4.885856186498363,Liquid-Rich
"IRON OIL OPERATING, LLC",2021,Bakken,30435.0,6603.50008,4.608919456543719,Liquid-Rich
"SLAWSON EXPLORATION COMPANY, INC.",2021,Middle Bakken / Three Forks Shale,69251.0,5183.3333,13.360321629326826,Liquid-Rich
"PETRO-HUNT, L.L.C.",2021,Bakken,866869.0,193360.3333267499,4.483179073419994,Liquid-Rich
XTO ENERGY INC,2021,Bakken,2536062.0,697460.6671019096,3.6361362290691623,Liquid-Rich
WHITING OIL AND GAS CORPORATION,2021,Bakken,1244542.0,400709.99936318945,3.105842135154683,Liquid-Rich
"WPX ENERGY WILLISTON, LLC",2021,Bakken,624716.0,134007.99988819996,4.661781390075125,Liquid-Rich
SM ENERGY COMPANY,2021,Three Forks,272677.0,56205.66632436002,4.851414774204348,Liquid-Rich
BURLINGTON RESOURCES OIL & GAS COMPANY LP,2021,Bakken,2999543.0,801086.1681867494,3.7443450144563544,Liquid-Rich
"G3 OPERATING, LLC",2021,Bakken,8349.0,2432.16666299,3.432741730674041,Liquid-Rich
ENERPLUS RESOURCES USA CORPORATION,2021,Bakken,676088.0,142725.33292461003,4.736986673256676,Liquid-Rich
"ZENERGY, INC",2021,Three Forks,48659.0,4064.33333999,11.972197142697878,Liquid-Rich
OASIS PETROLEUM NORTH AMERICA LLC,2021,Three Forks,776120.0,270818.33388273016,2.865832563374663,Liquid-Rich
"HRC OPERATING, LLC",2020,Bakken,284245.0,58473.99944564001,4.861049401353958,Liquid-Rich
"PETRO-HUNT, L.L.C.",2020,Bakken,735435.0,167368.49983122005,4.394106422305494,Liquid-Rich
TRIANGLE USA PETROLEUM CORPORATION,2020,Three Forks,10058.0,3283.4999531999997,3.063194805347196,Liquid-Rich
ENERPLUS RESOURCES USA CORPORATION,2020,Bakken,882648.0,124574.16696062998,7.085321311271134,Liquid-Rich
OASIS PETROLEUM NORTH AMERICA LLC,2020,Three Forks,775909.0,313122.83323842986,2.477970041262299,Liquid-Rich
OASIS PETROLEUM NORTH AMERICA LLC,2020,Bakken,1201758.0,545738.00010591,2.20207865269924,Liquid-Rich
ABRAXAS PETROLEUM CORP.,2020,Bakken,252319.0,84347.66687530003,2.991416471222963,Liquid-Rich
"HELIS OIL & GAS COMPANY, L.L.C.",2020,Three Forks,30844.0,2784.8332835899996,11.075707900272656,Liquid-Rich
MARATHON OIL COMPANY,2020,Three Forks,425602.0,71853.00003455998,5.92323215168877,Liquid-Rich
NEWFIELD PRODUCTION COMPANY,2020,Bakken,1272495.0,331678.33363790007,3.8365333847498415,Liquid-Rich
"G3 OPERATING, LLC",2016,Three Forks,109855.0,12841.5001382,8.554685886986912,Liquid-Rich
"ZENERGY, INC",2016,Bakken,87623.0,3015.166647939999,29.060748618941233,Liquid-Rich
"HRC OPERATING, LLC",2016,Three Forks,641934.0,49725.83332319,12.909466912857736,Liquid-Rich
SINCLAIR OIL & GAS COMPANY,2016,Bakken,41755.0,4644.833422,8.989558118969288,Liquid-Rich
"EOG RESOURCES, INC.",2016,Three Forks,275181.0,33791.1668287,8.143577917714262,Liquid-Rich
BURLINGTON RESOURCES OIL & GAS COMPANY LP,2016,Bakken,5940934.0,1126968.3345372695,5.2716068570279155,Liquid-Rich
"SLAWSON EXPLORATION COMPANY, INC.",2016,Three Forks,43269.0,6050.166723639999,7.1517037424660925,Liquid-Rich
TRUE OIL LLC,2016,Bakken,9344.0,2548.999993,3.6657512850766025,Liquid-Rich
"EMERALD OIL, INC",2016,Three Forks,268797.0,30843.166645560013,8.714961180508173,Liquid-Rich
"HESS BAKKEN INVESTMENTS II, LLC",2015,Three Forks,3139400.0,347512.6669345199,9.033915303557961,Liquid-Rich
ENERPLUS RESOURCES USA CORPORATION,2014,Bakken,757788.0,118547.66639,6.392264167453258,Liquid-Rich
OASIS PETROLEUM NORTH AMERICA LLC,2014,Bakken,1185175.0,162701.666704,7.284344555339842,Liquid-Rich
"G3 OPERATING, LLC",2015,Three Forks,140765.0,16378.499889499999,8.59449894371842,Liquid-Rich
"MISSOURI RIVER RESOURCES ND, LLC",2015,Bakken,143796.0,27202.332989999995,5.286164243811796,Liquid-Rich
"BRIGHAM OIL & GAS, L.P.",2014,Bakken,725885.0,115966.8336823,6.259418981711766,Liquid-Rich
MARATHON OIL COMPANY,2015,Three Forks,440464.0,26289.833068,16.75415735279556,Liquid-Rich
ENERPLUS RESOURCES USA CORPORATION,2015,Three Forks,1966679.0,237487.16697767004,8.28120114879689,Liquid-Rich
OASIS PETROLEUM NORTH AMERICA LLC,2015,Three Forks,1800780.0,224269.83367978001,8.029523946458239,Liquid-Rich
SM ENERGY COMPANY,2014,Three Forks,946321.0,117582.66721781,8.048133474018208,Liquid-Rich
"EOG RESOURCES, INC.",2014,Bakken,145361.0,3791.1666279999995,38.342023514984376,Liquid-Rich
"HESS BAKKEN INVESTMENTS II, LLC",2014,Three Forks,403727.0,45439.333069,8.884967554143834,Liquid-Rich
ABRAXAS PETROLEUM CORP.,2014,Three Forks,121227.0,13103.166498,9.251733160721377,Liquid-Rich
QEP ENERGY COMPANY,2014,Three Forks,2941541.0,257348.1676902,11.430199897677436,Liquid-Rich
QEP ENERGY COMPANY,2015,Three Forks,5579439.0,565888.1658105,9.859614208416573,Liquid-Rich
"EOG RESOURCES, INC.",2014,Three Forks,155771.0,5370.3333840000005,29.005834249339777,Liquid-Rich
"SLAWSON EXPLORATION COMPANY, INC.",2024,Middle Bakken / Three Forks Shale,38546.2941,5189.92146,7.427144013081077,Liquid-Rich
"ZAVANNA, LLC",2024,Bakken,16239.4968,20151.378368,0.8058752360973981,Liquid-Rich
KODIAK OIL & GAS (USA) INC.,2023,Three Forks,76112.93525000001,17969.7212825,4.235621357362031,Liquid-Rich
"SLAWSON EXPLORATION COMPANY, INC.",2023,Bakken,19533.902,4892.151564,3.9929061363806917,Liquid-Rich
"NORTH RANGE RESOURCES, LLC",2023,Duperow,10107.958059999999,,,Dry Gas
ABRAXAS PETROLEUM CORP.,2024,Three Forks,82232.93598999998,40776.88586000002,2.016655618880062,Liquid-Rich
"EMERALD OIL, INC",2024,Three Forks,53632.53881999999,14975.281195000003,3.581404457226953,Liquid-Rich
KODIAK OIL & GAS (USA) INC.,2025,Three Forks,63795.73015999999,20316.7539869,3.1400552569143043,Liquid-Rich
STATOIL OIL & GAS LP,2025,Bakken,452169.09136999986,209505.54536820005,2.158267890118734,Liquid-Rich
"HELIS OIL & GAS COMPANY, L.L.C.",2024,Three Forks,19363.443,5798.4227013,3.339432807418255,Liquid-Rich
OASIS PETROLEUM NORTH AMERICA LLC,2024,Three Forks,424990.69284999993,280637.38672459987,1.5143766046647928,Liquid-Rich
"HRC OPERATING, LLC",2024,Three Forks,137580.39090000003,61077.425533800015,2.2525571387068952,Liquid-Rich
HUNT OIL COMPANY,2023,Bakken,58338.12912,6867.7286323,8.494530323406588,Liquid-Rich
"RESOLUTE NATURAL RESOURCES COMPANY, LLC",2023,Bakken,23983.00692,10549.98762,2.2732734656991,Liquid-Rich
OASIS PETROLEUM NORTH AMERICA LLC,2023,Bakken,800191.1804899996,601411.1050265002,1.3305227884921422,Liquid-Rich
"HESS BAKKEN INVESTMENTS II, LLC",2023,Three Forks,1095160.4389100005,561879.9368053003,1.9491004522012143,Liquid-Rich
SM ENERGY COMPANY,2023,Three Forks,260936.04485999997,79572.7056254,3.279215439630695,Liquid-Rich
OASIS PETROLEUM NORTH AMERICA LLC,2023,Three Forks,516894.49356999976,342418.0749765002,1.509542081286082,Liquid-Rich
PETROSHALE (US) INC.,2023,Bakken,32621.903899999998,5465.176471,5.9690485884769515,Liquid-Rich
ENERPLUS RESOURCES USA CORPORATION,2024,Three Forks,345102.24986000016,93034.81550600003,3.7093882325992653,Liquid-Rich
"SHD OIL & GAS, LLC",2024,Three Forks,13618.608973999999,43101.644361,0.3159649515906319,Liquid-Rich
"BRIGHAM OIL & GAS, L.P.",2025,Bakken,120403.31082000001,56288.626156,2.13903445584745,Liquid-Rich
WHITING OIL AND GAS CORPORATION,2024,Three Forks,332588.32804000017,209257.76644410007,1.5893714899649658,Liquid-Rich
"G3 OPERATING, LLC",2025,Three Forks,13268.56895,3193.309974,4.155114617131748,Liquid-Rich
"EOG RESOURCES, INC.",2022,Bakken,167617.16972,70785.97640094,2.3679431752215563,Liquid-Rich
QEP ENERGY COMPANY,2022,Three Forks,1058156.70911,375401.3264480796,2.81873460363585,Liquid-Rich
"MISSOURI RIVER RESOURCES ND, LLC",2022,Three Forks,16424.94109,4122.0318371,3.9846710891868184,Liquid-Rich
KODIAK OIL & GAS (USA) INC.,2022,Bakken,135558.81413,39988.9515575,3.3899066829766813,Liquid-Rich
SINCLAIR OIL & GAS COMPANY,2022,Bakken,33935.39701,17153.82233497,1.9782994336381152,Liquid-Rich
"SHD OIL & GAS, LLC",2022,Three Forks,20471.584002000003,58825.03909230001,0.348007996558725,Liquid-Rich
OASIS PETROLEUM NORTH AMERICA LLC,2018,Bakken,5179138.0,1419861.8362956871,3.647635190697133,Liquid-Rich
"HRC OPERATING, LLC",2018,Bakken,795793.0,93487.83334875,8.5122627351021,Liquid-Rich
"EMERALD OIL, INC",2018,Three Forks,139337.0,17103.83340988,8.146536315041061,Liquid-Rich
MARATHON OIL COMPANY,2018,Three Forks,1511930.0,188513.8320103399,8.020260284757628,Liquid-Rich
PETROSHALE (US) INC.,2018,Bakken,183693.0,20280.999986,9.057393625896333,Liquid-Rich
"MISSOURI RIVER RESOURCES ND, LLC",2018,Three Forks,34019.0,6213.333358,5.475160922469855,Liquid-Rich
ABRAXAS PETROLEUM CORP.,2018,Bakken,987588.0,205714.4992349,4.800770017053096,Liquid-Rich
"RESOLUTE NATURAL RESOURCES COMPANY, LLC",2018,Bakken,57082.0,11119.6666174,5.133427283753127,Liquid-Rich
"ZENERGY, INC",2018,Three Forks,68252.0,5044.833335400001,13.529089161592363,Liquid-Rich
"HESS BAKKEN INVESTMENTS II, LLC",2018,Bakken,4996304.0,793722.832431401,6.294771670729045,Liquid-Rich
"BRIGHAM OIL & GAS, L.P.",2019,Three Forks,170879.0,33602.33367244,5.085331324477375,Liquid-Rich
ABRAXAS PETROLEUM CORP.,2019,Bakken,521507.0,145847.6666223001,3.57569656119724,Liquid-Rich
"HRC OPERATING, LLC",2019,Bakken,418185.0,77358.49992711,5.405805443409958,Liquid-Rich
ENERPLUS RESOURCES USA CORPORATION,2017,Three Forks,1733558.0,201968.49952013008,8.583308803694,Liquid-Rich
"CONTINENTAL RESOURCES, INC.",2017,Bakken,8299534.0,1248635.0007277909,6.646885595199924,Liquid-Rich
SM ENERGY COMPANY,2017,Three Forks,625911.0,102333.00034335,6.1164140394587205,Liquid-Rich
"WPX ENERGY WILLISTON, LLC",2019,Three Forks,714085.0,121677.16718952009,5.86868528002272,Liquid-Rich
"SHD OIL & GAS, LLC",2019,Bakken,20194.0,7705.99994596,2.62055542974498,Liquid-Rich
WHITING OIL AND GAS CORPORATION,2019,Three Forks,924507.0,338317.1661660498,2.7326635845201004,Liquid-Rich
"MISSOURI RIVER RESOURCES ND, LLC",2019,Bakken,31178.0,5157.500050940001,6.045176867098146,Liquid-Rich
TRIANGLE USA PETROLEUM CORPORATION,2017,Three Forks,109349.0,28366.999785510005,3.8547960949982443,Liquid-Rich
MARATHON OIL COMPANY,2017,Bakken,1408507.0,129876.500482,10.844971913877595,Liquid-Rich
"SLAWSON EXPLORATION COMPANY, INC.",2017,Middle Bakken / Three Forks Shale,141995.0,11647.833605,12.190678955015859,Liquid-Rich
BURLINGTON RESOURCES OIL & GAS COMPANY LP,2017,Bakken,6683558.0,1080751.4988246704,6.184176480225514,Liquid-Rich
"G3 OPERATING, LLC",2017,Bakken,156355.0,22002.999905999997,7.106076474479444,Liquid-Rich
WHITING OIL AND GAS CORPORATION,2019,Bakken,1876915.0,497561.0016595908,3.772230929955604,Liquid-Rich
"G3 OPERATING, LLC",2019,Bakken,93926.0,14158.999750670002,6.633660686063324,Liquid-Rich
WHITING OIL AND GAS CORPORATION,2017,Bakken,4948567.0,920797.9991281896,5.374215631099651,Liquid-Rich
"BRIGHAM OIL & GAS, L.P.",2017,Three Forks,233046.0,34618.00028034,6.731931310669894,Liquid-Rich
"HESS BAKKEN INVESTMENTS II, LLC",2017,Bakken,6675078.0,882528.1666879198,7.563586355607442,Liquid-Rich
MARATHON OIL COMPANY,2017,Three Forks,1205193.0,151259.66687267,7.967708939981525,Liquid-Rich
SM ENERGY COMPANY,2019,Three Forks,411285.0,88658.00005818,4.639006065218059,Liquid-Rich
HESS CORPORATION,2017,Three Forks,575746.0,77149.33290647001,7.462747613099788,Liquid-Rich
OASIS PETROLEUM NORTH AMERICA LLC,2019,Three Forks,1545034.0,558940.3343919999,2.7642199085178674,Liquid-Rich
"SLAWSON EXPLORATION COMPANY, INC.",2019,Three Forks,4524.0,1082.16667731,4.180502038046071,Liquid-Rich
STATOIL OIL & GAS LP,2021,Bakken,725307.0,248580.00046664997,2.9178011048290617,Liquid-Rich
BURLINGTON RESOURCES OIL & GAS COMPANY LP,2021,Three Forks,2700017.0,599677.6674846392,4.502447141854188,Liquid-Rich
SM ENERGY COMPANY,2021,Bakken,264915.0,59732.00035014002,4.435059908375879,Liquid-Rich
SINCLAIR OIL & GAS COMPANY,2021,Bakken,55146.0,10400.999913,5.301990237599572,Liquid-Rich
LIBERTY RESOURCES LLC,2021,Three Forks,3005.0,762.1666626000001,3.942707215438892,Liquid-Rich
"EMERALD OIL, INC",2021,Bakken,266497.0,74250.33322900998,3.589169077235579,Liquid-Rich
ABRAXAS PETROLEUM CORP.,2021,Three Forks,116322.0,37895.83343816,3.069519507726861,Liquid-Rich
SINCLAIR OIL & GAS COMPANY,2020,Bakken,61770.0,7450.166693139999,8.291089655333066,Liquid-Rich
"EMERALD OIL, INC",2020,Bakken,313271.0,52403.33353982,5.978073890317552,Liquid-Rich
MARATHON OIL COMPANY,2020,Bakken,485215.0,68708.49993133999,7.06193557543641,Liquid-Rich
"ZENERGY, INC",2020,Bakken,27558.0,2111.5000040000004,13.051385246409875,Liquid-Rich
SM ENERGY COMPANY,2020,Three Forks,272881.0,54092.00011246002,5.044757070041162,Liquid-Rich
WHITING OIL AND GAS CORPORATION,2020,Three Forks,564860.0,300185.49931413995,1.8817031511867996,Liquid-Rich
STATOIL OIL & GAS LP,2020,Three Forks,512602.0,135690.49981235,3.777729470441121,Liquid-Rich
BURLINGTON RESOURCES OIL & GAS COMPANY LP,2020,Bakken,3298860.0,612074.3323683105,5.389639502175593,Liquid-Rich
ABRAXAS PETROLEUM CORP.,2020,Three Forks,140461.0,36673.50020323999,3.8300407439045236,Liquid-Rich
BURLINGTON RESOURCES OIL & GAS COMPANY LP,2020,Three Forks,2705620.0,437694.1667125302,6.181530862797638,Liquid-Rich
"SLAWSON EXPLORATION COMPANY, INC.",2020,Bakken,41542.0,3615.99993322,11.488385167918794,Liquid-Rich
"MISSOURI RIVER RESOURCES ND, LLC",2020,Three Forks,20904.0,3464.333280319999,6.034061479809213,Liquid-Rich
ENERPLUS RESOURCES USA CORPORATION,2020,Three Forks,621987.0,108100.66696793001,5.753775785532604,Liquid-Rich
"WPX ENERGY WILLISTON, LLC",2016,Three Forks,927176.0,79612.33325339998,11.646135241996609,Liquid-Rich
KODIAK OIL & GAS (USA) INC.,2016,Three Forks,310099.0,39766.49978650999,7.797995842349572,Liquid-Rich
"HELIS OIL & GAS COMPANY, L.L.C.",2016,Three Forks,95423.0,12087.999893999999,7.894027203571054,Liquid-Rich
TRIANGLE USA PETROLEUM CORPORATION,2016,Bakken,2397784.0,390914.8341617399,6.133775928820147,Liquid-Rich
"EOG RESOURCES, INC.",2016,Bakken,563511.0,87543.99981239998,6.436888892529019,Liquid-Rich
ABRAXAS PETROLEUM CORP.,2016,Bakken,859602.0,138292.0001070001,6.215847621951405,Liquid-Rich
"HRC OPERATING, LLC",2016,Bakken,988702.0,72421.83331319997,13.65198800925403,Liquid-Rich
MARATHON OIL COMPANY,2016,Three Forks,763262.0,64974.83305949999,11.747040570324376,Liquid-Rich
"CONTINENTAL RESOURCES, INC.",2016,Three Forks,3570092.0,624544.0010277495,5.7163178160787025,Liquid-Rich
SM ENERGY COMPANY,2016,Three Forks,953972.0,99970.66659687001,9.542519145609738,Liquid-Rich
WHITING OIL AND GAS CORPORATION,2016,Three Forks,2519551.0,425308.8347383701,5.924050464528697,Liquid-Rich
ENERPLUS RESOURCES USA CORPORATION,2015,Bakken,1333554.0,190975.66675600005,6.982847724280049,Liquid-Rich
"EMERALD OIL, INC",2015,Three Forks,385108.0,36544.66676347,10.53800825418809,Liquid-Rich
"CONTINENTAL RESOURCES, INC.",2014,Bakken,2366014.0,293297.66744123993,8.066937663164381,Liquid-Rich
"CONTINENTAL RESOURCES, INC.",2014,Three Forks,1757207.0,215194.00072546993,8.165687677519072,Liquid-Rich
KODIAK OIL & GAS (USA) INC.,2014,Bakken,470288.0,57783.16675634,8.138840883939608,Liquid-Rich
"PETRO-HUNT, L.L.C.",2015,Three Forks,1623706.0,172793.50037500003,9.396800206467255,Liquid-Rich
KODIAK OIL & GAS (USA) INC.,2015,Bakken,1095189.0,151843.83325419007,7.212601108183487,Liquid-Rich
"ZENERGY, INC",2015,Three Forks,103610.0,6626.666650600002,15.635311909135913,Liquid-Rich
"EMERALD OIL, INC",2015,Bakken,1236873.0,112315.1668262,11.012519813232133,Liquid-Rich
MARATHON OIL COMPANY,2015,Bakken,306784.0,16265.33335,18.86121811330722,Liquid-Rich
"PETRO-HUNT, L.L.C.",2014,Three Forks,1127480.0,125872.99963350003,8.95728236621709,Liquid-Rich
"HELIS OIL & GAS COMPANY, L.L.C.",2015,Three Forks,103375.0,5790.333321100001,17.85303095131001,Liquid-Rich
TRUE OIL LLC,2015,Bakken,14391.0,3212.1666585999997,4.480153593983264,Liquid-Rich
STATOIL OIL & GAS LP,2014,Bakken,210065.0,20143.16679169,10.428598550187335,Liquid-Rich
"HESS BAKKEN INVESTMENTS II, LLC",2014,Bakken,567591.0,42754.66639060001,13.275533360840113,Liquid-Rich
"HELIS OIL & GAS COMPANY, L.L.C.",2014,Three Forks,143205.0,17782.999904,8.052915749484335,Liquid-Rich
LIBERTY RESOURCES LLC,2015,Three Forks,13227.0,1572.6666579999999,8.410555366399839,Liquid-Rich
XTO ENERGY INC,2015,Bakken,5520041.0,641562.83349591,8.604053588829332,Liquid-Rich
"ZENERGY, INC",2015,Bakken,101833.0,3679.50000514,27.675771125899317,Liquid-Rich
XTO ENERGY INC,2014,Three Forks,2225653.0,226194.4992458201,9.839554044951552,Liquid-Rich
SM ENERGY COMPANY,2014,Bakken,673528.0,86137.166874,7.819249511482371,Liquid-Rich
ABRAXAS PETROLEUM CORP.,2014,Bakken,533037.0,46401.500194,11.487494968296843,Liquid-Rich
BURLINGTON RESOURCES OIL & GAS COMPANY LP,2014,Three Forks,2964393.0,319051.8328908,9.291258329848258,Liquid-Rich
"SLAWSON EXPLORATION COMPANY, INC.",2023,Three Forks,10056.706040000001,1213.877183,8.284780520501801,Liquid-Rich
"RESOLUTE NATURAL RESOURCES COMPANY, LLC",2024,Bakken,22081.80102,9731.47049,2.269112467914394,Liquid-Rich
"G3 OPERATING, LLC",2024,Three Forks,14457.53783,3099.204332,4.66491921191597,Liquid-Rich
TRIANGLE USA PETROLEUM CORPORATION,2023,Three Forks,26020.69502,6547.756513799999,3.973986351685343,Liquid-Rich
MARATHON OIL COMPANY,2025,Bakken,221854.11344000002,72324.14736070001,3.067497115915571,Liquid-Rich
"MISSOURI RIVER RESOURCES ND, LLC",2025,Three Forks,12195.32899,3877.5128068,3.145142156232994,Liquid-Rich
SM ENERGY COMPANY,2024,Bakken,184836.99490999995,49105.51339550003,3.7640782496520684,Liquid-Rich
"CONTINENTAL RESOURCES, INC.",2024,Bakken,1154735.5238800002,549610.7273390002,2.1010061602523247,Liquid-Rich
"PETRO-HUNT, L.L.C.",2025,Bakken,437577.49796,139894.70057590003,3.127906176278578,Liquid-Rich
KODIAK OIL & GAS (USA) INC.,2025,Bakken,102163.71290999999,34965.0364919,2.9218820616322603,Liquid-Rich
"ZENERGY, INC",2025,Three Forks,44245.17628,7045.2766520000005,6.28011907345608,Liquid-Rich
"MISSOURI RIVER RESOURCES ND, LLC",2024,Three Forks,13332.06907,3421.6816365,3.896349949037697,Liquid-Rich
"EOG RESOURCES, INC.",2024,Three Forks,35736.222980000006,19845.055721,1.8007620377797178,Liquid-Rich
STATOIL OIL & GAS LP,2023,Bakken,570309.0203199999,218432.1396537,2.6109208160674604,Liquid-Rich
"EMERALD OIL, INC",2023,Bakken,198107.43959000005,57607.619544999994,3.438910358641865,Liquid-Rich
"RESOLUTE NATURAL RESOURCES COMPANY, LLC",2025,Bakken,20413.52609,9009.037939999998,2.265894119433579,Liquid-Rich
HESS CORPORATION,2023,Three Forks,289933.18321000005,79513.65538889999,3.646331963886474,Liquid-Rich
"EMERALD OIL, INC",2025,Three Forks,49182.363860000005,18680.688086000002,2.632791877557181,Liquid-Rich
"ZAVANNA, LLC",2022,Bakken,21990.552200000002,18524.933130600002,1.1870786277590062,Liquid-Rich
"EMERALD OIL, INC",2022,Three Forks,63870.20129,20258.712881000003,3.1527275037251656,Liquid-Rich
SM ENERGY COMPANY,2022,Three Forks,286125.31088999985,75167.67718448999,3.8064939826162223,Liquid-Rich
KODIAK OIL & GAS (USA) INC.,2022,Three Forks,84198.39257999999,22697.7405575,3.7095495195524366,Liquid-Rich
TRUE OIL LLC,2022,Bakken,5635.519990000001,1608.8303426999998,3.5028677918532156,Liquid-Rich
"CONTINENTAL RESOURCES, INC.",2022,Three Forks,1357274.103301,427994.99010724045,3.1712382964130374,Liquid-Rich
"G3 OPERATING, LLC",2022,Three Forks,16490.25006,3627.69101374,4.545660034865877,Liquid-Rich
HUNT OIL COMPANY,2022,Bakken,63067.754120000005,6808.3501897000015,9.2632946841383,Liquid-Rich
"HRC OPERATING, LLC",2022,Bakken,239775.58363000012,71826.69090315,3.33825184781671,Liquid-Rich
BURLINGTON RESOURCES OIL & GAS COMPANY LP,2018,Three Forks,6972838.0,939734.1663212089,7.420011158364786,Liquid-Rich
"SHD OIL & GAS, LLC",2018,Three Forks,60291.0,15237.333141269999,3.95679476461029,Liquid-Rich
"PEAK NORTH DAKOTA, LLC",2018,Bakken,161377.0,17796.833130000003,9.067736873251222,Liquid-Rich
HESS CORPORATION,2018,Bakken,1089718.0,160526.00017408992,6.788420560022703,Liquid-Rich
XTO ENERGY INC,2018,Three Forks,3301738.0,755358.6646961301,4.37108641803724,Liquid-Rich
"G3 OPERATING, LLC",2018,Bakken,190577.0,24291.166817700003,7.845526788821612,Liquid-Rich
"SLAWSON EXPLORATION COMPANY, INC.",2018,Three Forks,29651.0,4229.5,7.010521338219648,Liquid-Rich
"CONTINENTAL RESOURCES, INC.",2018,Bakken,8613383.0,1509350.833535177,5.706680520277631,Liquid-Rich
"SLAWSON EXPLORATION COMPANY, INC.",2018,Bakken,494.0,18.33333327,26.94545463853884,Liquid-Rich
STATOIL OIL & GAS LP,2019,Three Forks,662110.0,111787.83336726001,5.922916475398084,Liquid-Rich
LIBERTY RESOURCES LLC,2017,Three Forks,7862.0,1443.4999819999998,5.446484307611167,Liquid-Rich
"SLAWSON EXPLORATION COMPANY, INC.",2019,Middle Bakken / Three Forks Shale,70585.0,8645.499867999999,8.164363088045334,Liquid-Rich
"HELIS OIL & GAS COMPANY, L.L.C.",2017,Three Forks,65274.0,10122.3332129,6.4485132653817585,Liquid-Rich
XTO ENERGY INC,2017,Bakken,6177763.0,959941.6677524701,6.435560834091216,Liquid-Rich
"PEAK NORTH DAKOTA, LLC",2019,Bakken,98628.0,9074.333427,10.868897511142777,Liquid-Rich
"WPX ENERGY WILLISTON, LLC",2017,Three Forks,1844298.0,156418.3327895,11.790804614200589,Liquid-Rich
WHITING OIL AND GAS CORPORATION,2017,Three Forks,3599815.0,731799.1652002003,4.919129689106968,Liquid-Rich
"HESS BAKKEN INVESTMENTS II, LLC",2017,Three Forks,4713525.0,536854.5009622099,8.779892860266424,Liquid-Rich
"NORTH RANGE RESOURCES, LLC",2017,Duperow,21799.0,7103.499968,3.068768930555445,Liquid-Rich
"PETRO-HUNT, L.L.C.",2019,Three Forks,895651.0,203092.3337989,4.410067988518289,Liquid-Rich
OASIS PETROLEUM NORTH AMERICA LLC,2017,Three Forks,5939367.0,1128089.8325219995,5.264976980354242,Liquid-Rich
PETROSHALE (US) INC.,2019,Bakken,130949.0,12984.6667981,10.084894902282846,Liquid-Rich
QEP ENERGY COMPANY,2017,Bakken,5963681.0,1032900.16421357,5.773724515321992,Liquid-Rich
XTO ENERGY INC,2019,Three Forks,2189598.0,540203.4992430706,4.053283629350883,Liquid-Rich
"SHD OIL & GAS, LLC",2021,Bakken,29102.0,19182.999984500006,1.5170724090869319,Liquid-Rich
TRIANGLE USA PETROLEUM CORPORATION,2021,Bakken,762352.0,191671.00044663993,3.97739876258555,Liquid-Rich
"G3 OPERATING, LLC",2021,Three Forks,12202.0,2336.5000005800002,5.222341107199247,Liquid-Rich
"ZENERGY, INC",2021,Bakken,43323.0,3550.6666542000003,12.201370677462567,Liquid-Rich
KODIAK OIL & GAS (USA) INC.,2021,Bakken,155911.0,49147.833339580015,3.1722863330058715,Liquid-Rich
"BRIGHAM OIL & GAS, L.P.",2020,Three Forks,164284.0,29544.166761029996,5.560623906872118,Liquid-Rich
XTO ENERGY INC,2020,Bakken,2742290.0,664304.3319203202,4.128062799278755,Liquid-Rich
HESS CORPORATION,2020,Bakken,590444.0,120378.66640135995,4.904889027690122,Liquid-Rich
WHITING OIL AND GAS CORPORATION,2020,Bakken,1344641.0,450807.00065921,2.9827420559879205,Liquid-Rich
NEWFIELD PRODUCTION COMPANY,2020,Three Forks,615391.0,191370.83304810006,3.215699018487967,Liquid-Rich
PETROSHALE (US) INC.,2020,Bakken,85533.0,18987.333467,4.504739970394285,Liquid-Rich
"PEAK NORTH DAKOTA, LLC",2020,Bakken,103507.0,9292.4999945,11.138767830106346,Liquid-Rich
"WPX ENERGY WILLISTON, LLC",2020,Three Forks,505464.0,91543.16670634,5.521591814946392,Liquid-Rich
XTO ENERGY INC,2020,Three Forks,1697393.0,421146.8334421101,4.03040665443664,Liquid-Rich
"IRON OIL OPERATING, LLC",2020,Bakken,39367.0,5513.3332835,7.140326545796785,Liquid-Rich
"SHD OIL & GAS, LLC",2020,Bakken,16218.0,12657.833456,1.2812619202468989,Liquid-Rich
"RESOLUTE NATURAL RESOURCES COMPANY, LLC",2016,Bakken,114517.0,10775.4999051,10.62753477876229,Liquid-Rich
"SLAWSON EXPLORATION COMPANY, INC.",2016,Middle Bakken / Three Forks Shale,44387.0,5873.8333086,7.556734702534388,Liquid-Rich
HESS CORPORATION,2016,Bakken,1025804.0,109434.83353088002,9.37365157786384,Liquid-Rich
GMX RESOURCES INC,2016,Bakken,18293.0,4388.83334,4.168078070606344,Liquid-Rich
"EMERALD OIL, INC",2016,Bakken,861920.0,94675.99987637,9.103891177547785,Liquid-Rich
"MISSOURI RIVER RESOURCES ND, LLC",2016,Three Forks,102006.0,13672.500078899999,7.460669183496304,Liquid-Rich
"SHD OIL & GAS, LLC",2016,Bakken,268352.0,28083.999920460003,9.555334025068767,Liquid-Rich
QEP ENERGY COMPANY,2015,Bakken,7034061.0,691403.8333412895,10.173592712101524,Liquid-Rich
"PETRO-HUNT, L.L.C.",2015,Bakken,2707963.0,417355.000104,6.488392374178355,Liquid-Rich
"RESOLUTE NATURAL RESOURCES COMPANY, LLC",2015,Bakken,116025.0,20549.833316889995,5.646031196984871,Liquid-Rich
ABRAXAS PETROLEUM CORP.,2015,Three Forks,271029.0,31284.499825,8.663363694995562,Liquid-Rich
"PETRO-HUNT, L.L.C.",2014,Bakken,2057979.0,244658.1667256,8.41165053896671,Liquid-Rich
BURLINGTON RESOURCES OIL & GAS COMPANY LP,2015,Three Forks,5652541.0,617468.8322583803,9.154374609202446,Liquid-Rich
"EOG RESOURCES, INC.",2015,Three Forks,153819.0,21909.66650121001,7.020599788294587,Liquid-Rich
HESS CORPORATION,2015,Three Forks,1001101.0,107926.33392223003,9.275780651656131,Liquid-Rich
NEWFIELD PRODUCTION COMPANY,2015,Three Forks,1877568.0,252709.16722092006,7.4297581708170375,Liquid-Rich
KODIAK OIL & GAS (USA) INC.,2024,Three Forks,69551.40419000002,20306.88504670001,3.4250159012596835,Liquid-Rich
KODIAK OIL & GAS (USA) INC.,2024,Bakken,111745.63411999999,33199.964899,3.36583591157248,Liquid-Rich
"HESS BAKKEN INVESTMENTS II, LLC",2024,Bakken,1514251.123499999,600463.365579,2.5218043436169904,Liquid-Rich
"MISSOURI RIVER RESOURCES ND, LLC",2024,Bakken,13818.297040000001,2167.20451633,6.376092766454853,Liquid-Rich
BURLINGTON RESOURCES OIL & GAS COMPANY LP,2025,Bakken,1760737.2128900015,642553.2763757203,2.740219803751254,Liquid-Rich
XTO ENERGY INC,2025,Bakken,1406620.3721519997,560739.1883481004,2.5085109109206507,Liquid-Rich
MARATHON OIL COMPANY,2025,Three Forks,178344.30054999999,54874.76346700002,3.2500240416936053,Liquid-Rich
LIBERTY RESOURCES LLC,2024,Three Forks,4115.227,727.4420166,5.657120301126142,Liquid-Rich
STATOIL OIL & GAS LP,2024,Bakken,504781.77914999996,208510.1620164,2.420897735959254,Liquid-Rich
"EMERALD OIL, INC",2024,Bakken,181207.96807000006,56434.25851099999,3.2109568345737998,Liquid-Rich
MARATHON OIL COMPANY,2024,Three Forks,209715.62639999998,67868.96830199998,3.0900075785271666,Liquid-Rich
ABRAXAS PETROLEUM CORP.,2023,Bakken,166279.91535,81676.61351099997,2.0358326355879814,Liquid-Rich
"MISSOURI RIVER RESOURCES ND, LLC",2023,Three Forks,14646.289009999997,2999.3508304999996,4.883153001330766,Liquid-Rich
"WPX ENERGY WILLISTON, LLC",2023,Bakken,345599.77939000004,102342.439922,3.3768960330963176,Liquid-Rich
"G3 OPERATING, LLC",2023,Three Forks,15814.936940000001,5342.742981,2.960078183854527,Liquid-Rich
TRUE OIL LLC,2023,Bakken,5151.57601,804.2663325000001,6.405311029229238,Liquid-Rich
SM ENERGY COMPANY,2025,Three Forks,211355.83619,69311.34204420002,3.0493686885361106,Liquid-Rich
GMX RESOURCES INC,2025,Bakken,2512.146,521.558499,4.816614061158267,Liquid-Rich
"PEAK NORTH DAKOTA, LLC",2024,Bakken,39925.2887,17007.39029,2.3475258707666193,Liquid-Rich
GMX RESOURCES INC,2024,Bakken,2744.63501,493.41066800000004,5.562577357974757,Liquid-Rich
ENERPLUS RESOURCES USA CORPORATION,2023,Three Forks,390032.91024,98529.86240999999,3.958524864441654,Liquid-Rich
"BRIGHAM OIL & GAS, L.P.",2023,Bakken,138794.0155,69097.66325299999,2.008664388429576,Liquid-Rich
NEWFIELD PRODUCTION COMPANY,2023,Three Forks,557451.4714300002,198094.0931685899,2.81407417310306,Liquid-Rich
STATOIL OIL & GAS LP,2023,Three Forks,371193.1029600001,205233.03940730006,1.8086420394688016,Liquid-Rich
"HRC OPERATING, LLC",2023,Three Forks,165073.99816000002,66470.3663498,2.4834224215238843,Liquid-Rich
"NORTH RANGE RESOURCES, LLC",2024,Duperow,8949.11805,,,Dry Gas
"PETRO-HUNT, L.L.C.",2025,Three Forks,371431.50279,114772.26902390005,3.2362477970410564,Liquid-Rich
TRUE OIL LLC,2025,Bakken,4478.06,1328.3618208000003,3.3711146540654924,Liquid-Rich
WHITING OIL AND GAS CORPORATION,2025,Three Forks,286144.8705800001,207525.69430828997,1.3788406854088986,Liquid-Rich
MARATHON OIL COMPANY,2024,Bakken,260355.49573,79819.55386469999,3.2618009387940416,Liquid-Rich
"CONTINENTAL RESOURCES, INC.",2024,Three Forks,890595.6830610001,315527.92246615025,2.822557433586699,Liquid-Rich
TRUE OIL LLC,2024,Bakken,4798.15201,427.76749270000005,11.216728928406484,Liquid-Rich
"HESS BAKKEN INVESTMENTS II, LLC",2023,Bakken,1703058.9473299999,658198.5107273001,2.5874548780855546,Liquid-Rich
MARATHON OIL COMPANY,2023,Bakken,312016.88679,85627.90426799998,3.6438692439960123,Liquid-Rich
"MISSOURI RIVER RESOURCES ND, LLC",2025,Bakken,12586.262999999999,2654.9630039900003,4.740654759062474,Liquid-Rich
"SLAWSON EXPLORATION COMPANY, INC.",2022,Three Forks,11298.327959999999,1346.6796749999999,8.389766452812916,Liquid-Rich
HESS CORPORATION,2022,Three Forks,312546.7137499998,84685.75493792002,3.6906645513063703,Liquid-Rich
MARATHON OIL COMPANY,2022,Three Forks,313744.77988999995,84789.1541857,3.700293780533008,Liquid-Rich
ENERPLUS RESOURCES USA CORPORATION,2022,Bakken,589032.3870700002,151140.8894523001,3.8972404436980517,Liquid-Rich
"ZENERGY, INC",2022,Bakken,28762.092219999995,5687.3580520000005,5.057197376536826,Liquid-Rich
"EOG RESOURCES, INC.",2022,Three Forks,51397.13799,18816.00223367,2.7315652576841325,Liquid-Rich
"CONTINENTAL RESOURCES, INC.",2022,Bakken,1766198.3893700019,732164.5162526997,2.412297168414558,Liquid-Rich
WHITING OIL AND GAS CORPORATION,2022,Bakken,1087384.6054399998,390443.19039215025,2.785000820088221,Liquid-Rich
OASIS PETROLEUM NORTH AMERICA LLC,2022,Three Forks,655029.6533199998,377813.8187310202,1.7337366206457894,Liquid-Rich
NEWFIELD PRODUCTION COMPANY,2022,Bakken,822782.3114300005,429360.24528065027,1.916298307711723,Liquid-Rich
OASIS PETROLEUM NORTH AMERICA LLC,2022,Bakken,991476.0718899993,675123.2891100459,1.4685852019665515,Liquid-Rich
"EOG RESOURCES, INC.",2018,Three Forks,176997.0,67579.9998515,2.6190736961961,Liquid-Rich
TRIANGLE USA PETROLEUM CORPORATION,2018,Bakken,1436296.0,401043.49904002,3.5813970390695014,Liquid-Rich
TRIANGLE USA PETROLEUM CORPORATION,2018,Three Forks,61325.0,22770.999942430004,2.693118446929991,Liquid-Rich
"MISSOURI RIVER RESOURCES ND, LLC",2018,Bakken,33974.0,4831.8332802,7.031285648703868,Liquid-Rich
"CONTINENTAL RESOURCES, INC.",2018,Three Forks,5235329.0,832196.9983775803,6.29097318328064,Liquid-Rich
QEP ENERGY COMPANY,2018,Three Forks,2561790.0,430793.99946951005,5.946670573765301,Liquid-Rich
STATOIL OIL & GAS LP,2018,Three Forks,1033368.0,212902.3333702301,4.853718527372865,Liquid-Rich
MARATHON OIL COMPANY,2019,Bakken,740662.0,88591.33331410002,8.360434054807454,Liquid-Rich
BURLINGTON RESOURCES OIL & GAS COMPANY LP,2017,Three Forks,6561804.0,925375.8359860604,7.090961039638434,Liquid-Rich
ENERPLUS RESOURCES USA CORPORATION,2017,Bakken,2633313.0,278867.50093703996,9.442882340723253,Liquid-Rich
BURLINGTON RESOURCES OIL & GAS COMPANY LP,2019,Three Forks,4174620.0,585844.8335519199,7.125811752387893,Liquid-Rich
BURLINGTON RESOURCES OIL & GAS COMPANY LP,2019,Bakken,4731429.0,640513.6676699009,7.38692902090954,Liquid-Rich
"HESS BAKKEN INVESTMENTS II, LLC",2019,Bakken,2764216.0,460026.99918859,6.008812536819819,Liquid-Rich
"PETRO-HUNT, L.L.C.",2017,Bakken,1854497.0,284782.16725902003,6.511984292588326,Liquid-Rich
"RESOLUTE NATURAL RESOURCES COMPANY, LLC",2017,Bakken,79286.0,13297.16670297,5.962623600281029,Liquid-Rich
STATOIL OIL & GAS LP,2017,Bakken,2019080.0,261781.4993304999,7.7128445102642855,Liquid-Rich
"HESS BAKKEN INVESTMENTS II, LLC",2019,Three Forks,2049394.0,373028.5003827801,5.493934103954608,Liquid-Rich
ABRAXAS PETROLEUM CORP.,2017,Three Forks,560988.0,111943.99954910002,5.011327112302645,Liquid-Rich
ABRAXAS PETROLEUM CORP.,2017,Bakken,897293.0,221769.1660581401,4.0460674310546905,Liquid-Rich
NEWFIELD PRODUCTION COMPANY,2017,Three Forks,1663315.0,219456.9993585,7.579229666231088,Liquid-Rich
OASIS PETROLEUM NORTH AMERICA LLC,2019,Bakken,1956752.0,769780.667172369,2.5419604355455254,Liquid-Rich
"EOG RESOURCES, INC.",2019,Three Forks,84970.0,46366.500109910005,1.8325730818280845,Liquid-Rich
HESS CORPORATION,2019,Three Forks,330955.0,64862.50023804994,5.102408923266477,Liquid-Rich
"G3 OPERATING, LLC",2019,Three Forks,31849.0,1649.6666345999997,19.306324885283587,Liquid-Rich
WHITING OIL AND GAS CORPORATION,2021,Three Forks,509389.0,262994.0006571701,1.9368844868215147,Liquid-Rich
MARATHON OIL COMPANY,2021,Bakken,403415.0,76073.83324719999,5.3029403512389495,Liquid-Rich
GMX RESOURCES INC,2021,Bakken,6369.0,1033.833349,6.160567373997528,Liquid-Rich
"EOG RESOURCES, INC.",2021,Three Forks,61025.0,10142.833398660003,6.01656338041224,Liquid-Rich
GMX RESOURCES INC,2020,Bakken,6964.0,544.9999866999999,12.7779819632058,Liquid-Rich
"NORTH RANGE RESOURCES, LLC",2020,Duperow,12931.0,381.66666,33.88034993677467,Liquid-Rich
"CONTINENTAL RESOURCES, INC.",2020,Three Forks,1528060.0,308763.6671260399,4.948963115456952,Liquid-Rich
"EOG RESOURCES, INC.",2020,Bakken,201613.0,66108.16672210999,3.0497442297483977,Liquid-Rich
"HESS BAKKEN INVESTMENTS II, LLC",2020,Three Forks,1677867.0,348164.99881179974,4.819171960783368,Liquid-Rich
"HESS BAKKEN INVESTMENTS II, LLC",2020,Bakken,2329624.0,468833.0002908099,4.968984688695058,Liquid-Rich
"SLAWSON EXPLORATION COMPANY, INC.",2020,Three Forks,501.0,6.83333331,73.31707342108268,Liquid-Rich
"G3 OPERATING, LLC",2016,Bakken,55516.0,9822.333384,5.652017481959255,Liquid-Rich
NEWFIELD PRODUCTION COMPANY,2016,Bakken,3037421.0,495753.8328748201,6.126873457309126,Liquid-Rich
LIBERTY RESOURCES LLC,2016,Three Forks,9637.0,1607.99998,5.9931592785218815,Liquid-Rich
ABRAXAS PETROLEUM CORP.,2016,Three Forks,525142.0,75803.49998614001,6.9276748447765275,Liquid-Rich
OASIS PETROLEUM NORTH AMERICA LLC,2016,Three Forks,4187170.0,642066.4981334796,6.521396167176326,Liquid-Rich
STATOIL OIL & GAS LP,2016,Three Forks,1093077.0,120681.66633844006,9.057523260696213,Liquid-Rich
BURLINGTON RESOURCES OIL & GAS COMPANY LP,2016,Three Forks,4981433.0,732037.999494619,6.804883084538042,Liquid-Rich
SM ENERGY COMPANY,2016,Bakken,1162926.0,123861.0000841201,9.388960199015022,Liquid-Rich
"HESS BAKKEN INVESTMENTS II, LLC",2016,Bakken,4791609.0,581133.9981135399,8.245273922287081,Liquid-Rich
QEP ENERGY COMPANY,2016,Three Forks,6124671.0,883702.1665610495,6.930695919683347,Liquid-Rich
"CONTINENTAL RESOURCES, INC.",2015,Bakken,5456032.0,775490.50045441,7.03558843957851,Liquid-Rich
"WPX ENERGY WILLISTON, LLC",2015,Bakken,791830.0,52834.666791000025,14.98694035740341,Liquid-Rich
SM ENERGY COMPANY,2015,Three Forks,1024398.0,115070.66702626996,8.90233824547255,Liquid-Rich
BURLINGTON RESOURCES OIL & GAS COMPANY LP,2014,Bakken,2941497.0,351955.66790534003,8.357578150413898,Liquid-Rich
TRUE OIL LLC,2014,Bakken,36399.0,6827.833440050001,5.3309736272262445,Liquid-Rich
WHITING OIL AND GAS CORPORATION,2015,Bakken,5455060.0,565648.5001600496,9.643904294728081,Liquid-Rich
"BRIGHAM OIL & GAS, L.P.",2015,Bakken,824104.0,132674.66734639998,6.211464603475122,Liquid-Rich
HESS CORPORATION,2014,Bakken,2737770.0,397801.16744501004,6.882257328665219,Liquid-Rich
"SLAWSON EXPLORATION COMPANY, INC.",2014,Bakken,71609.0,13779.8331,5.19665220038115,Liquid-Rich
ABRAXAS PETROLEUM CORP.,2015,Bakken,878918.0,132300.33418949004,6.643354345130758,Liquid-Rich
HESS CORPORATION,2015,Bakken,1798264.0,193982.50009401012,9.270238290198877,Liquid-Rich
SINCLAIR OIL & GAS COMPANY,2014,Bakken,10570.0,19.333333500000002,546.7241332178953,Liquid-Rich
TRIANGLE USA PETROLEUM CORPORATION,2014,Three Forks,48973.0,6881.8333999999995,7.116272242219639,Liquid-Rich
HUNT OIL COMPANY,2015,Bakken,161627.0,9099.833392799994,17.761533977960866,Liquid-Rich
"MISSOURI RIVER RESOURCES ND, LLC",2015,Three Forks,107332.0,19596.666524,5.4770539606085915,Liquid-Rich
"HRC OPERATING, LLC",2015,Bakken,510633.0,29730.666285800005,17.17529621069707,Liquid-Rich
"WPX ENERGY WILLISTON, LLC",2014,Three Forks,498442.0,31717.666596,15.714964355633269,Liquid-Rich
"G3 OPERATING, LLC",2014,Bakken,239735.0,15095.16669,15.881573547565774,Liquid-Rich
"EMERALD OIL, INC",2014,Three Forks,244693.0,26103.833252000004,9.373834012721188,Liquid-Rich
"EMERALD OIL, INC",2014,Bakken,648608.0,76083.66713507002,8.524930835004804,Liquid-Rich
NEWFIELD PRODUCTION COMPANY,2015,Bakken,3729019.0,479164.1656923899,7.782341141081754,Liquid-Rich
STATOIL OIL & GAS LP,2024,Three Forks,331845.98724000005,188661.7959921999,1.758946401918701,Liquid-Rich
BURLINGTON RESOURCES OIL & GAS COMPANY LP,2023,Three Forks,2059777.6378599985,626938.2495049096,3.285455368988247,Liquid-Rich
HESS CORPORATION,2023,Bakken,518420.11699000007,160044.7577412,3.239219605232619,Liquid-Rich
HESS CORPORATION,2025,Three Forks,245537.26933999994,61739.416177500025,3.9769937025980853,Liquid-Rich
BURLINGTON RESOURCES OIL & GAS COMPANY LP,2024,Bakken,1975987.0049400015,726407.0143405701,2.72022016022766,Liquid-Rich
QEP ENERGY COMPANY,2023,Bakken,1138265.7975300003,461931.48263969977,2.464144229844217,Liquid-Rich
SM ENERGY COMPANY,2025,Bakken,165475.54892000006,45302.74386480002,3.6526606294276505,Liquid-Rich
OASIS PETROLEUM NORTH AMERICA LLC,2025,Three Forks,359654.3703740001,257640.79980480045,1.3959527009949102,Liquid-Rich
XTO ENERGY INC,2023,Bakken,1740519.4858899997,640141.6353115999,2.7189599767913424,Liquid-Rich
"EOG RESOURCES, INC.",2025,Three Forks,30929.318860000007,17151.751053000004,1.803274707312766,Liquid-Rich
"HRC OPERATING, LLC",2025,Bakken,156273.36621999997,57977.85273003998,2.695397619288344,Liquid-Rich
BURLINGTON RESOURCES OIL & GAS COMPANY LP,2024,Three Forks,1802931.992359999,562544.9359612601,3.204956399223828,Liquid-Rich
"HRC OPERATING, LLC",2024,Bakken,177515.21154,58158.655782660004,3.0522578135811407,Liquid-Rich
"SLAWSON EXPLORATION COMPANY, INC.",2023,Middle Bakken / Three Forks Shale,43042.3139,5884.86661,7.314067888447857,Liquid-Rich
"ZENERGY, INC",2025,Bakken,22803.035829999997,3508.113004,6.500085887769195,Liquid-Rich
"EMERALD OIL, INC",2023,Three Forks,58691.33093999999,15722.339068000003,3.7329897724604892,Liquid-Rich
TRIANGLE USA PETROLEUM CORPORATION,2025,Bakken,511341.2344440002,150667.22673300002,3.3938451349486694,Liquid-Rich
SINCLAIR OIL & GAS COMPANY,2024,Bakken,24188.49509,13333.459135699997,1.8141200152056507,Liquid-Rich
"SLAWSON EXPLORATION COMPANY, INC.",2025,Three Forks,7880.36499,1153.096832,6.834087798447789,Liquid-Rich
"NORTH RANGE RESOURCES, LLC",2025,Duperow,7957.40204,,,Dry Gas
"IRON OIL OPERATING, LLC",2025,Bakken,11518.336919999998,4668.39608,2.4673007008437033,Liquid-Rich
TRIANGLE USA PETROLEUM CORPORATION,2022,Bakken,690915.2437060002,189168.87554454996,3.652372736884441,Liquid-Rich
HESS CORPORATION,2022,Bakken,569082.76238,126535.15876340799,4.497427971336058,Liquid-Rich
"WPX ENERGY WILLISTON, LLC",2022,Three Forks,437621.6310200001,103946.69019266,4.2100583501878726,Liquid-Rich
BURLINGTON RESOURCES OIL & GAS COMPANY LP,2022,Bakken,2489144.4565499974,830602.2797370632,2.9967946359814532,Liquid-Rich
"HRC OPERATING, LLC",2022,Three Forks,203417.26641999997,70333.56689059999,2.8921790179702445,Liquid-Rich
STATOIL OIL & GAS LP,2022,Three Forks,423984.0732500001,192093.7633995,2.207172506523466,Liquid-Rich
"HESS BAKKEN INVESTMENTS II, LLC",2022,Bakken,1925299.6431119996,636402.4221233709,3.02528647940747,Liquid-Rich
XTO ENERGY INC,2022,Three Forks,1271347.8078100004,388650.73262094025,3.2711833559052477,Liquid-Rich
"G3 OPERATING, LLC",2022,Bakken,7865.923030000001,7108.0739501,1.1066180635176621,Liquid-Rich
"EMERALD OIL, INC",2022,Bakken,220576.49628999992,61850.00016800002,3.5663135924148612,Liquid-Rich
ABRAXAS PETROLEUM CORP.,2018,Three Forks,511278.0,94735.83298699003,5.396880819850006,Liquid-Rich
LIBERTY RESOURCES LLC,2018,Three Forks,6349.0,1932.3333200000002,3.28566502180897,Liquid-Rich
SINCLAIR OIL & GAS COMPANY,2018,Bakken,113530.0,11266.66672731,10.076627164697019,Liquid-Rich
SM ENERGY COMPANY,2018,Three Forks,507315.0,90519.50018297009,5.604483000619173,Liquid-Rich
"IRON OIL OPERATING, LLC",2018,Bakken,120321.0,10304.666727000002,11.676360156776177,Liquid-Rich
"WPX ENERGY WILLISTON, LLC",2018,Bakken,1696661.0,201509.66737931006,8.419749891236256,Liquid-Rich
KODIAK OIL & GAS (USA) INC.,2018,Three Forks,145254.0,17975.66680711,8.08059036466714,Liquid-Rich
ABRAXAS PETROLEUM CORP.,2019,Three Forks,237668.0,65116.33379927004,3.649898360872772,Liquid-Rich
"PEAK NORTH DAKOTA, LLC",2017,Bakken,323407.0,35529.66696,9.102449520962242,Liquid-Rich
OASIS PETROLEUM NORTH AMERICA LLC,2017,Bakken,6682820.0,1168927.9981778304,5.7170501608460365,Liquid-Rich
HUNT OIL COMPANY,2017,Bakken,73393.0,5887.5000288,12.465902274476775,Liquid-Rich
GMX RESOURCES INC,2019,Bakken,8491.0,697.166661,12.17929725414681,Liquid-Rich
XTO ENERGY INC,2019,Bakken,3772959.0,971766.3334949203,3.882578424414744,Liquid-Rich
"SLAWSON EXPLORATION COMPANY, INC.",2017,Three Forks,15112.0,1530.16668969,9.876048212147118,Liquid-Rich
"EOG RESOURCES, INC.",2017,Bakken,1718145.0,297295.66656599997,5.779246700249396,Liquid-Rich
"MISSOURI RIVER RESOURCES ND, LLC",2017,Three Forks,47913.0,10213.499903110001,4.691144118522049,Liquid-Rich
"EMERALD OIL, INC",2019,Three Forks,109627.0,16151.33336147,6.787489153156974,Liquid-Rich
"SHD OIL & GAS, LLC",2017,Bakken,92948.0,23025.666803119995,4.036712630072692,Liquid-Rich
"SLAWSON EXPLORATION COMPANY, INC.",2017,Bakken,22691.0,3484.6666868,6.51167013647361,Liquid-Rich
"NORTH RANGE RESOURCES, LLC",2019,Duperow,13606.0,3454.166662,3.939010861775262,Liquid-Rich
"EOG RESOURCES, INC.",2017,Three Forks,578388.0,44054.50005229999,13.128919845040974,Liquid-Rich
"CONTINENTAL RESOURCES, INC.",2021,Three Forks,1550965.0,349385.4995565301,4.439122407680391,Liquid-Rich
OASIS PETROLEUM NORTH AMERICA LLC,2021,Bakken,1184950.0,554700.8336804301,2.136196537037592,Liquid-Rich
TRUE OIL LLC,2021,Bakken,6475.0,1536.8333329999998,4.2132089804171375,Liquid-Rich
"WPX ENERGY WILLISTON, LLC",2021,Three Forks,545651.0,135451.66654087004,4.028381591269384,Liquid-Rich
"HRC OPERATING, LLC",2021,Bakken,290621.0,63668.50034656999,4.5645962825894735,Liquid-Rich
NEWFIELD PRODUCTION COMPANY,2021,Three Forks,544456.0,161182.16739607003,3.3778922866952032,Liquid-Rich
"EOG RESOURCES, INC.",2021,Bakken,220819.0,63167.16693672999,3.495787617342068,Liquid-Rich
TRIANGLE USA PETROLEUM CORPORATION,2021,Three Forks,35419.0,6294.000020970001,5.62742292373577,Liquid-Rich
"BRIGHAM OIL & GAS, L.P.",2021,Three Forks,122315.0,36227.999738119994,3.37625595904201,Liquid-Rich
"RESOLUTE NATURAL RESOURCES COMPANY, LLC",2021,Bakken,38335.0,8321.833372,4.606557027323282,Liquid-Rich
"HESS BAKKEN INVESTMENTS II, LLC",2021,Bakken,1958015.0,486880.33297459973,4.021552869136221,Liquid-Rich
"SHD OIL & GAS, LLC",2020,Three Forks,13786.0,5498.1666405,2.50738126022792,Liquid-Rich
"ZAVANNA, LLC",2020,Bakken,71027.0,17949.333233999998,3.9570829219137336,Liquid-Rich
"G3 OPERATING, LLC",2020,Bakken,44924.0,8536.333167699999,5.262681190793327,Liquid-Rich
HUNT OIL COMPANY,2020,Bakken,39206.0,4067.0000179999997,9.64002946311273,Liquid-Rich
KODIAK OIL & GAS (USA) INC.,2016,Bakken,515798.0,74847.00008131,6.891365043885033,Liquid-Rich
XTO ENERGY INC,2016,Bakken,7664439.0,1057090.6673770812,7.25050294788571,Liquid-Rich
"MISSOURI RIVER RESOURCES ND, LLC",2016,Bakken,95943.0,13866.000080290001,6.919298964694178,Liquid-Rich
NEWFIELD PRODUCTION COMPANY,2016,Three Forks,1293746.0,210430.66693230002,6.148086772999799,Liquid-Rich
OASIS PETROLEUM NORTH AMERICA LLC,2016,Bakken,5024081.0,622143.5008939997,8.075437568311107,Liquid-Rich
"WPX ENERGY WILLISTON, LLC",2016,Bakken,1304116.0,123218.667092,10.583753507301736,Liquid-Rich
TRIANGLE USA PETROLEUM CORPORATION,2016,Three Forks,198739.0,39740.33325685,5.000939441436203,Liquid-Rich
ENERPLUS RESOURCES USA CORPORATION,2016,Bakken,1482207.0,241152.50001610004,6.146347228003208,Liquid-Rich
HUNT OIL COMPANY,2016,Bakken,92527.0,9079.166701699996,10.19113350817483,Liquid-Rich
"BRIGHAM OIL & GAS, L.P.",2015,Three Forks,383328.0,75802.83343803002,5.05690859581623,Liquid-Rich
HUNT OIL COMPANY,2014,Bakken,205045.0,20570.0000477,9.968157487822989,Liquid-Rich
"CONTINENTAL RESOURCES, INC.",2015,Three Forks,3199039.0,467326.16814355005,6.845409519240405,Liquid-Rich
"EOG RESOURCES, INC.",2015,Bakken,421867.0,71699.33262990002,5.88383440300075,Liquid-Rich
KODIAK OIL & GAS (USA) INC.,2014,Three Forks,401184.0,42625.66695930999,9.411794081321144,Liquid-Rich
ENERPLUS RESOURCES USA CORPORATION,2014,Three Forks,911181.0,133811.66621666998,6.809428697529266,Liquid-Rich
STATOIL OIL & GAS LP,2014,Three Forks,103420.0,11207.333382,9.227886462813888,Liquid-Rich
WHITING OIL AND GAS CORPORATION,2014,Bakken,2712388.0,236956.16628699997,11.446792216897917,Liquid-Rich
"SHD OIL & GAS, LLC",2015,Three Forks,248905.0,40985.00004131,6.073075509311242,Liquid-Rich
"G3 OPERATING, LLC",2015,Bakken,93431.0,10018.499940000002,9.325847238563739,Liquid-Rich
TRIANGLE USA PETROLEUM CORPORATION,2015,Three Forks,244126.0,29636.000142389996,8.237481401912035,Liquid-Rich
TRIANGLE USA PETROLEUM CORPORATION,2014,Bakken,2634371.0,362510.49953735,7.267019861113227,Liquid-Rich
"RESOLUTE NATURAL RESOURCES COMPANY, LLC",2014,Bakken,32482.0,6315.3333999999995,5.143354743551623,Liquid-Rich
"ZENERGY, INC",2014,Three Forks,135991.0,9504.83331729,14.307562843066615,Liquid-Rich
